ISO-10303-21;
HEADER;
FILE_DESCRIPTION(('Open CASCADE Model'),'2;1');
FILE_NAME('Open CASCADE Shape Model','2026-10-02T11:17:27',('Author'),(
    'Open CASCADE'),'Open CASCADE STEP processor 7.9','Open CASCADE 7.9'
  ,'Unknown');
FILE_SCHEMA(('AUTOMOTIVE_DESIGN { 1 0 10303 214 1 1 1 1 }'));
ENDSEC;
DATA;
#1 = APPLICATION_PROTOCOL_DEFINITION('international standard',
  'automotive_design',2000,#2);
#2 = APPLICATION_CONTEXT(
  'core data for automotive mechanical design processes');
#3 = SHAPE_DEFINITION_REPRESENTATION(#4,#10);
#4 = PRODUCT_DEFINITION_SHAPE('','',#5);
#5 = PRODUCT_DEFINITION('design','',#6,#9);
#6 = PRODUCT_DEFINITION_FORMATION('','',#7);
#7 = PRODUCT('Open CASCADE STEP translator 7.9 2',
  'Open CASCADE STEP translator 7.9 2','',(#8));
#8 = PRODUCT_CONTEXT('',#2,'mechanical');
#9 = PRODUCT_DEFINITION_CONTEXT('part definition',#2,'design');
#10 = ADVANCED_BREP_SHAPE_REPRESENTATION('',(#11,#15),#2097);
#11 = AXIS2_PLACEMENT_3D('',#12,#13,#14);
#12 = CARTESIAN_POINT('',(0.,0.,0.));
#13 = DIRECTION('',(0.,0.,1.));
#14 = DIRECTION('',(1.,0.,-0.));
#15 = MANIFOLD_SOLID_BREP('',#16);
#16 = CLOSED_SHELL('',(#17,#256,#678,#909,#1188,#1375,#1402,#1456,#1483,
    #1510,#1537,#1564,#1571,#1690,#1739,#1793,#1842,#1892,#1941,#1995,
    #2028,#2033,#2083));
#17 = ADVANCED_FACE('',(#18,#221),#32,.F.);
#18 = FACE_BOUND('',#19,.F.);
#19 = EDGE_LOOP('',(#20,#55,#83,#111,#139,#172,#200));
#20 = ORIENTED_EDGE('',*,*,#21,.F.);
#21 = EDGE_CURVE('',#22,#24,#26,.T.);
#22 = VERTEX_POINT('',#23);
#23 = CARTESIAN_POINT('',(4.5,0.,10.));
#24 = VERTEX_POINT('',#25);
#25 = CARTESIAN_POINT('',(4.5,0.,130.));
#26 = SURFACE_CURVE('',#27,(#31,#43),.PCURVE_S1.);
#27 = LINE('',#28,#29);
#28 = CARTESIAN_POINT('',(4.5,0.,4.5));
#29 = VECTOR('',#30,1.);
#30 = DIRECTION('',(0.,0.,1.));
#31 = PCURVE('',#32,#37);
#32 = PLANE('',#33);
#33 = AXIS2_PLACEMENT_3D('',#34,#35,#36);
#34 = CARTESIAN_POINT('',(4.5,0.,4.5));
#35 = DIRECTION('',(1.,0.,0.));
#36 = DIRECTION('',(0.,0.,1.));
#37 = DEFINITIONAL_REPRESENTATION('',(#38),#42);
#38 = LINE('',#39,#40);
#39 = CARTESIAN_POINT('',(0.,0.));
#40 = VECTOR('',#41,1.);
#41 = DIRECTION('',(1.,0.));
#42 = ( GEOMETRIC_REPRESENTATION_CONTEXT(2) 
PARAMETRIC_REPRESENTATION_CONTEXT() REPRESENTATION_CONTEXT('2D SPACE',''
  ) );
#43 = PCURVE('',#44,#49);
#44 = PLANE('',#45);
#45 = AXIS2_PLACEMENT_3D('',#46,#47,#48);
#46 = CARTESIAN_POINT('',(4.5,0.,4.5));
#47 = DIRECTION('',(0.,1.,0.));
#48 = DIRECTION('',(0.,0.,1.));
#49 = DEFINITIONAL_REPRESENTATION('',(#50),#54);
#50 = LINE('',#51,#52);
#51 = CARTESIAN_POINT('',(0.,0.));
#52 = VECTOR('',#53,1.);
#53 = DIRECTION('',(1.,0.));
#54 = ( GEOMETRIC_REPRESENTATION_CONTEXT(2) 
PARAMETRIC_REPRESENTATION_CONTEXT() REPRESENTATION_CONTEXT('2D SPACE',''
  ) );
#55 = ORIENTED_EDGE('',*,*,#56,.T.);
#56 = EDGE_CURVE('',#22,#57,#59,.T.);
#57 = VERTEX_POINT('',#58);
#58 = CARTESIAN_POINT('',(4.5,110.,10.));
#59 = SURFACE_CURVE('',#60,(#64,#71),.PCURVE_S1.);
#60 = LINE('',#61,#62);
#61 = CARTESIAN_POINT('',(4.5,0.,10.));
#62 = VECTOR('',#63,1.);
#63 = DIRECTION('',(0.,1.,0.));
#64 = PCURVE('',#32,#65);
#65 = DEFINITIONAL_REPRESENTATION('',(#66),#70);
#66 = LINE('',#67,#68);
#67 = CARTESIAN_POINT('',(5.5,0.));
#68 = VECTOR('',#69,1.);
#69 = DIRECTION('',(0.,-1.));
#70 = ( GEOMETRIC_REPRESENTATION_CONTEXT(2) 
PARAMETRIC_REPRESENTATION_CONTEXT() REPRESENTATION_CONTEXT('2D SPACE',''
  ) );
#71 = PCURVE('',#72,#77);
#72 = CYLINDRICAL_SURFACE('',#73,5.5);
#73 = AXIS2_PLACEMENT_3D('',#74,#75,#76);
#74 = CARTESIAN_POINT('',(10.,0.,10.));
#75 = DIRECTION('',(0.,1.,0.));
#76 = DIRECTION('',(-1.,0.,0.));
#77 = DEFINITIONAL_REPRESENTATION('',(#78),#82);
#78 = LINE('',#79,#80);
#79 = CARTESIAN_POINT('',(-0.,0.));
#80 = VECTOR('',#81,1.);
#81 = DIRECTION('',(-0.,1.));
#82 = ( GEOMETRIC_REPRESENTATION_CONTEXT(2) 
PARAMETRIC_REPRESENTATION_CONTEXT() REPRESENTATION_CONTEXT('2D SPACE',''
  ) );
#83 = ORIENTED_EDGE('',*,*,#84,.T.);
#84 = EDGE_CURVE('',#57,#85,#87,.T.);
#85 = VERTEX_POINT('',#86);
#86 = CARTESIAN_POINT('',(4.5,110.,130.));
#87 = SURFACE_CURVE('',#88,(#92,#99),.PCURVE_S1.);
#88 = LINE('',#89,#90);
#89 = CARTESIAN_POINT('',(4.5,110.,4.5));
#90 = VECTOR('',#91,1.);
#91 = DIRECTION('',(0.,0.,1.));
#92 = PCURVE('',#32,#93);
#93 = DEFINITIONAL_REPRESENTATION('',(#94),#98);
#94 = LINE('',#95,#96);
#95 = CARTESIAN_POINT('',(0.,-110.));
#96 = VECTOR('',#97,1.);
#97 = DIRECTION('',(1.,0.));
#98 = ( GEOMETRIC_REPRESENTATION_CONTEXT(2) 
PARAMETRIC_REPRESENTATION_CONTEXT() REPRESENTATION_CONTEXT('2D SPACE',''
  ) );
#99 = PCURVE('',#100,#105);
#100 = PLANE('',#101);
#101 = AXIS2_PLACEMENT_3D('',#102,#103,#104);
#102 = CARTESIAN_POINT('',(4.5,110.,4.5));
#103 = DIRECTION('',(0.,1.,0.));
#104 = DIRECTION('',(0.,0.,1.));
#105 = DEFINITIONAL_REPRESENTATION('',(#106),#110);
#106 = LINE('',#107,#108);
#107 = CARTESIAN_POINT('',(0.,0.));
#108 = VECTOR('',#109,1.);
#109 = DIRECTION('',(1.,0.));
#110 = ( GEOMETRIC_REPRESENTATION_CONTEXT(2) 
PARAMETRIC_REPRESENTATION_CONTEXT() REPRESENTATION_CONTEXT('2D SPACE',''
  ) );
#111 = ORIENTED_EDGE('',*,*,#112,.F.);
#112 = EDGE_CURVE('',#113,#85,#115,.T.);
#113 = VERTEX_POINT('',#114);
#114 = CARTESIAN_POINT('',(4.5,96.538348415311,130.));
#115 = SURFACE_CURVE('',#116,(#120,#127),.PCURVE_S1.);
#116 = LINE('',#117,#118);
#117 = CARTESIAN_POINT('',(4.5,0.,130.));
#118 = VECTOR('',#119,1.);
#119 = DIRECTION('',(0.,1.,0.));
#120 = PCURVE('',#32,#121);
#121 = DEFINITIONAL_REPRESENTATION('',(#122),#126);
#122 = LINE('',#123,#124);
#123 = CARTESIAN_POINT('',(125.5,0.));
#124 = VECTOR('',#125,1.);
#125 = DIRECTION('',(0.,-1.));
#126 = ( GEOMETRIC_REPRESENTATION_CONTEXT(2) 
PARAMETRIC_REPRESENTATION_CONTEXT() REPRESENTATION_CONTEXT('2D SPACE',''
  ) );
#127 = PCURVE('',#128,#133);
#128 = CYLINDRICAL_SURFACE('',#129,5.5);
#129 = AXIS2_PLACEMENT_3D('',#130,#131,#132);
#130 = CARTESIAN_POINT('',(10.,0.,130.));
#131 = DIRECTION('',(0.,1.,0.));
#132 = DIRECTION('',(-1.,0.,0.));
#133 = DEFINITIONAL_REPRESENTATION('',(#134),#138);
#134 = LINE('',#135,#136);
#135 = CARTESIAN_POINT('',(0.,0.));
#136 = VECTOR('',#137,1.);
#137 = DIRECTION('',(0.,1.));
#138 = ( GEOMETRIC_REPRESENTATION_CONTEXT(2) 
PARAMETRIC_REPRESENTATION_CONTEXT() REPRESENTATION_CONTEXT('2D SPACE',''
  ) );
#139 = ORIENTED_EDGE('',*,*,#140,.T.);
#140 = EDGE_CURVE('',#113,#141,#143,.T.);
#141 = VERTEX_POINT('',#142);
#142 = CARTESIAN_POINT('',(4.5,97.,127.5));
#143 = SURFACE_CURVE('',#144,(#149,#160),.PCURVE_S1.);
#144 = CIRCLE('',#145,7.);
#145 = AXIS2_PLACEMENT_3D('',#146,#147,#148);
#146 = CARTESIAN_POINT('',(4.5,90.,127.5));
#147 = DIRECTION('',(-1.,0.,0.));
#148 = DIRECTION('',(0.,1.,0.));
#149 = PCURVE('',#32,#150);
#150 = DEFINITIONAL_REPRESENTATION('',(#151),#159);
#151 = ( BOUNDED_CURVE() B_SPLINE_CURVE(2,(#152,#153,#154,#155,#156,#157
,#158),.UNSPECIFIED.,.T.,.F.) B_SPLINE_CURVE_WITH_KNOTS((1,2,2,2,2,1),(
    -2.094395102393,0.,2.094395102393,4.188790204786,6.28318530718,
8.377580409573),.UNSPECIFIED.) CURVE() GEOMETRIC_REPRESENTATION_ITEM() 
RATIONAL_B_SPLINE_CURVE((1.,0.5,1.,0.5,1.,0.5,1.)) REPRESENTATION_ITEM(
  '') );
#152 = CARTESIAN_POINT('',(123.,-97.));
#153 = CARTESIAN_POINT('',(110.87564434701,-97.));
#154 = CARTESIAN_POINT('',(116.9378221735,-86.5));
#155 = CARTESIAN_POINT('',(123.,-76.));
#156 = CARTESIAN_POINT('',(129.06217782649,-86.5));
#157 = CARTESIAN_POINT('',(135.12435565298,-97.));
#158 = CARTESIAN_POINT('',(123.,-97.));
#159 = ( GEOMETRIC_REPRESENTATION_CONTEXT(2) 
PARAMETRIC_REPRESENTATION_CONTEXT() REPRESENTATION_CONTEXT('2D SPACE',''
  ) );
#160 = PCURVE('',#161,#166);
#161 = CYLINDRICAL_SURFACE('',#162,7.);
#162 = AXIS2_PLACEMENT_3D('',#163,#164,#165);
#163 = CARTESIAN_POINT('',(3.,90.,127.5));
#164 = DIRECTION('',(-1.,-0.,-0.));
#165 = DIRECTION('',(0.,1.,0.));
#166 = DEFINITIONAL_REPRESENTATION('',(#167),#171);
#167 = LINE('',#168,#169);
#168 = CARTESIAN_POINT('',(-6.28318530718,-1.5));
#169 = VECTOR('',#170,1.);
#170 = DIRECTION('',(1.,-0.));
#171 = ( GEOMETRIC_REPRESENTATION_CONTEXT(2) 
PARAMETRIC_REPRESENTATION_CONTEXT() REPRESENTATION_CONTEXT('2D SPACE',''
  ) );
#172 = ORIENTED_EDGE('',*,*,#173,.T.);
#173 = EDGE_CURVE('',#141,#174,#176,.T.);
#174 = VERTEX_POINT('',#175);
#175 = CARTESIAN_POINT('',(4.5,83.461651584689,130.));
#176 = SURFACE_CURVE('',#177,(#182,#193),.PCURVE_S1.);
#177 = CIRCLE('',#178,7.);
#178 = AXIS2_PLACEMENT_3D('',#179,#180,#181);
#179 = CARTESIAN_POINT('',(4.5,90.,127.5));
#180 = DIRECTION('',(-1.,0.,0.));
#181 = DIRECTION('',(0.,1.,0.));
#182 = PCURVE('',#32,#183);
#183 = DEFINITIONAL_REPRESENTATION('',(#184),#192);
#184 = ( BOUNDED_CURVE() B_SPLINE_CURVE(2,(#185,#186,#187,#188,#189,#190
,#191),.UNSPECIFIED.,.T.,.F.) B_SPLINE_CURVE_WITH_KNOTS((1,2,2,2,2,1),(
    -2.094395102393,0.,2.094395102393,4.188790204786,6.28318530718,
8.377580409573),.UNSPECIFIED.) CURVE() GEOMETRIC_REPRESENTATION_ITEM() 
RATIONAL_B_SPLINE_CURVE((1.,0.5,1.,0.5,1.,0.5,1.)) REPRESENTATION_ITEM(
  '') );
#185 = CARTESIAN_POINT('',(123.,-97.));
#186 = CARTESIAN_POINT('',(110.87564434701,-97.));
#187 = CARTESIAN_POINT('',(116.9378221735,-86.5));
#188 = CARTESIAN_POINT('',(123.,-76.));
#189 = CARTESIAN_POINT('',(129.06217782649,-86.5));
#190 = CARTESIAN_POINT('',(135.12435565298,-97.));
#191 = CARTESIAN_POINT('',(123.,-97.));
#192 = ( GEOMETRIC_REPRESENTATION_CONTEXT(2) 
PARAMETRIC_REPRESENTATION_CONTEXT() REPRESENTATION_CONTEXT('2D SPACE',''
  ) );
#193 = PCURVE('',#161,#194);
#194 = DEFINITIONAL_REPRESENTATION('',(#195),#199);
#195 = LINE('',#196,#197);
#196 = CARTESIAN_POINT('',(-6.28318530718,-1.5));
#197 = VECTOR('',#198,1.);
#198 = DIRECTION('',(1.,-0.));
#199 = ( GEOMETRIC_REPRESENTATION_CONTEXT(2) 
PARAMETRIC_REPRESENTATION_CONTEXT() REPRESENTATION_CONTEXT('2D SPACE',''
  ) );
#200 = ORIENTED_EDGE('',*,*,#201,.F.);
#201 = EDGE_CURVE('',#24,#174,#202,.T.);
#202 = SURFACE_CURVE('',#203,(#207,#214),.PCURVE_S1.);
#203 = LINE('',#204,#205);
#204 = CARTESIAN_POINT('',(4.5,0.,130.));
#205 = VECTOR('',#206,1.);
#206 = DIRECTION('',(0.,1.,0.));
#207 = PCURVE('',#32,#208);
#208 = DEFINITIONAL_REPRESENTATION('',(#209),#213);
#209 = LINE('',#210,#211);
#210 = CARTESIAN_POINT('',(125.5,0.));
#211 = VECTOR('',#212,1.);
#212 = DIRECTION('',(0.,-1.));
#213 = ( GEOMETRIC_REPRESENTATION_CONTEXT(2) 
PARAMETRIC_REPRESENTATION_CONTEXT() REPRESENTATION_CONTEXT('2D SPACE',''
  ) );
#214 = PCURVE('',#128,#215);
#215 = DEFINITIONAL_REPRESENTATION('',(#216),#220);
#216 = LINE('',#217,#218);
#217 = CARTESIAN_POINT('',(0.,0.));
#218 = VECTOR('',#219,1.);
#219 = DIRECTION('',(0.,1.));
#220 = ( GEOMETRIC_REPRESENTATION_CONTEXT(2) 
PARAMETRIC_REPRESENTATION_CONTEXT() REPRESENTATION_CONTEXT('2D SPACE',''
  ) );
#221 = FACE_BOUND('',#222,.F.);
#222 = EDGE_LOOP('',(#223));
#223 = ORIENTED_EDGE('',*,*,#224,.T.);
#224 = EDGE_CURVE('',#225,#225,#227,.T.);
#225 = VERTEX_POINT('',#226);
#226 = CARTESIAN_POINT('',(4.5,62.9,34.));
#227 = SURFACE_CURVE('',#228,(#233,#244),.PCURVE_S1.);
#228 = CIRCLE('',#229,2.9);
#229 = AXIS2_PLACEMENT_3D('',#230,#231,#232);
#230 = CARTESIAN_POINT('',(4.5,60.,34.));
#231 = DIRECTION('',(-1.,0.,0.));
#232 = DIRECTION('',(0.,1.,0.));
#233 = PCURVE('',#32,#234);
#234 = DEFINITIONAL_REPRESENTATION('',(#235),#243);
#235 = ( BOUNDED_CURVE() B_SPLINE_CURVE(2,(#236,#237,#238,#239,#240,#241
,#242),.UNSPECIFIED.,.T.,.F.) B_SPLINE_CURVE_WITH_KNOTS((1,2,2,2,2,1),(
    -2.094395102393,0.,2.094395102393,4.188790204786,6.28318530718,
8.377580409573),.UNSPECIFIED.) CURVE() GEOMETRIC_REPRESENTATION_ITEM() 
RATIONAL_B_SPLINE_CURVE((1.,0.5,1.,0.5,1.,0.5,1.)) REPRESENTATION_ITEM(
  '') );
#236 = CARTESIAN_POINT('',(29.5,-62.9));
#237 = CARTESIAN_POINT('',(24.47705265805,-62.9));
#238 = CARTESIAN_POINT('',(26.988526329025,-58.55));
#239 = CARTESIAN_POINT('',(29.5,-54.2));
#240 = CARTESIAN_POINT('',(32.011473670975,-58.55));
#241 = CARTESIAN_POINT('',(34.52294734195,-62.9));
#242 = CARTESIAN_POINT('',(29.5,-62.9));
#243 = ( GEOMETRIC_REPRESENTATION_CONTEXT(2) 
PARAMETRIC_REPRESENTATION_CONTEXT() REPRESENTATION_CONTEXT('2D SPACE',''
  ) );
#244 = PCURVE('',#245,#250);
#245 = CYLINDRICAL_SURFACE('',#246,2.9);
#246 = AXIS2_PLACEMENT_3D('',#247,#248,#249);
#247 = CARTESIAN_POINT('',(3.,60.,34.));
#248 = DIRECTION('',(-1.,-0.,-0.));
#249 = DIRECTION('',(0.,1.,0.));
#250 = DEFINITIONAL_REPRESENTATION('',(#251),#255);
#251 = LINE('',#252,#253);
#252 = CARTESIAN_POINT('',(-6.28318530718,-1.5));
#253 = VECTOR('',#254,1.);
#254 = DIRECTION('',(1.,-0.));
#255 = ( GEOMETRIC_REPRESENTATION_CONTEXT(2) 
PARAMETRIC_REPRESENTATION_CONTEXT() REPRESENTATION_CONTEXT('2D SPACE',''
  ) );
#256 = ADVANCED_FACE('',(#257,#456),#44,.F.);
#257 = FACE_BOUND('',#258,.F.);
#258 = EDGE_LOOP('',(#259,#289,#315,#316,#340,#368,#401,#429));
#259 = ORIENTED_EDGE('',*,*,#260,.F.);
#260 = EDGE_CURVE('',#261,#263,#265,.T.);
#261 = VERTEX_POINT('',#262);
#262 = CARTESIAN_POINT('',(10.,0.,4.5));
#263 = VERTEX_POINT('',#264);
#264 = CARTESIAN_POINT('',(110.,0.,4.5));
#265 = SURFACE_CURVE('',#266,(#270,#277),.PCURVE_S1.);
#266 = LINE('',#267,#268);
#267 = CARTESIAN_POINT('',(4.5,0.,4.5));
#268 = VECTOR('',#269,1.);
#269 = DIRECTION('',(1.,0.,0.));
#270 = PCURVE('',#44,#271);
#271 = DEFINITIONAL_REPRESENTATION('',(#272),#276);
#272 = LINE('',#273,#274);
#273 = CARTESIAN_POINT('',(0.,0.));
#274 = VECTOR('',#275,1.);
#275 = DIRECTION('',(0.,1.));
#276 = ( GEOMETRIC_REPRESENTATION_CONTEXT(2) 
PARAMETRIC_REPRESENTATION_CONTEXT() REPRESENTATION_CONTEXT('2D SPACE',''
  ) );
#277 = PCURVE('',#278,#283);
#278 = PLANE('',#279);
#279 = AXIS2_PLACEMENT_3D('',#280,#281,#282);
#280 = CARTESIAN_POINT('',(4.5,0.,4.5));
#281 = DIRECTION('',(0.,0.,1.));
#282 = DIRECTION('',(1.,0.,0.));
#283 = DEFINITIONAL_REPRESENTATION('',(#284),#288);
#284 = LINE('',#285,#286);
#285 = CARTESIAN_POINT('',(0.,0.));
#286 = VECTOR('',#287,1.);
#287 = DIRECTION('',(1.,0.));
#288 = ( GEOMETRIC_REPRESENTATION_CONTEXT(2) 
PARAMETRIC_REPRESENTATION_CONTEXT() REPRESENTATION_CONTEXT('2D SPACE',''
  ) );
#289 = ORIENTED_EDGE('',*,*,#290,.F.);
#290 = EDGE_CURVE('',#22,#261,#291,.T.);
#291 = SURFACE_CURVE('',#292,(#297,#308),.PCURVE_S1.);
#292 = CIRCLE('',#293,5.5);
#293 = AXIS2_PLACEMENT_3D('',#294,#295,#296);
#294 = CARTESIAN_POINT('',(10.,0.,10.));
#295 = DIRECTION('',(-0.,-1.,0.));
#296 = DIRECTION('',(0.,-0.,1.));
#297 = PCURVE('',#44,#298);
#298 = DEFINITIONAL_REPRESENTATION('',(#299),#307);
#299 = ( BOUNDED_CURVE() B_SPLINE_CURVE(2,(#300,#301,#302,#303,#304,#305
,#306),.UNSPECIFIED.,.T.,.F.) B_SPLINE_CURVE_WITH_KNOTS((1,2,2,2,2,1),(
    -2.094395102393,0.,2.094395102393,4.188790204786,6.28318530718,
8.377580409573),.UNSPECIFIED.) CURVE() GEOMETRIC_REPRESENTATION_ITEM() 
RATIONAL_B_SPLINE_CURVE((1.,0.5,1.,0.5,1.,0.5,1.)) REPRESENTATION_ITEM(
  '') );
#300 = CARTESIAN_POINT('',(11.,5.5));
#301 = CARTESIAN_POINT('',(11.,-4.026279441629));
#302 = CARTESIAN_POINT('',(2.75,0.736860279186));
#303 = CARTESIAN_POINT('',(-5.5,5.5));
#304 = CARTESIAN_POINT('',(2.75,10.263139720814));
#305 = CARTESIAN_POINT('',(11.,15.026279441629));
#306 = CARTESIAN_POINT('',(11.,5.5));
#307 = ( GEOMETRIC_REPRESENTATION_CONTEXT(2) 
PARAMETRIC_REPRESENTATION_CONTEXT() REPRESENTATION_CONTEXT('2D SPACE',''
  ) );
#308 = PCURVE('',#72,#309);
#309 = DEFINITIONAL_REPRESENTATION('',(#310),#314);
#310 = LINE('',#311,#312);
#311 = CARTESIAN_POINT('',(1.570796326795,-0.));
#312 = VECTOR('',#313,1.);
#313 = DIRECTION('',(-1.,0.));
#314 = ( GEOMETRIC_REPRESENTATION_CONTEXT(2) 
PARAMETRIC_REPRESENTATION_CONTEXT() REPRESENTATION_CONTEXT('2D SPACE',''
  ) );
#315 = ORIENTED_EDGE('',*,*,#21,.T.);
#316 = ORIENTED_EDGE('',*,*,#317,.T.);
#317 = EDGE_CURVE('',#24,#318,#320,.T.);
#318 = VERTEX_POINT('',#319);
#319 = CARTESIAN_POINT('',(10.,0.,135.5));
#320 = SURFACE_CURVE('',#321,(#326,#333),.PCURVE_S1.);
#321 = CIRCLE('',#322,5.5);
#322 = AXIS2_PLACEMENT_3D('',#323,#324,#325);
#323 = CARTESIAN_POINT('',(10.,0.,130.));
#324 = DIRECTION('',(0.,1.,0.));
#325 = DIRECTION('',(0.,-0.,1.));
#326 = PCURVE('',#44,#327);
#327 = DEFINITIONAL_REPRESENTATION('',(#328),#332);
#328 = CIRCLE('',#329,5.5);
#329 = AXIS2_PLACEMENT_2D('',#330,#331);
#330 = CARTESIAN_POINT('',(125.5,5.5));
#331 = DIRECTION('',(1.,0.));
#332 = ( GEOMETRIC_REPRESENTATION_CONTEXT(2) 
PARAMETRIC_REPRESENTATION_CONTEXT() REPRESENTATION_CONTEXT('2D SPACE',''
  ) );
#333 = PCURVE('',#128,#334);
#334 = DEFINITIONAL_REPRESENTATION('',(#335),#339);
#335 = LINE('',#336,#337);
#336 = CARTESIAN_POINT('',(-4.712388980385,0.));
#337 = VECTOR('',#338,1.);
#338 = DIRECTION('',(1.,0.));
#339 = ( GEOMETRIC_REPRESENTATION_CONTEXT(2) 
PARAMETRIC_REPRESENTATION_CONTEXT() REPRESENTATION_CONTEXT('2D SPACE',''
  ) );
#340 = ORIENTED_EDGE('',*,*,#341,.T.);
#341 = EDGE_CURVE('',#318,#342,#344,.T.);
#342 = VERTEX_POINT('',#343);
#343 = CARTESIAN_POINT('',(110.,0.,135.5));
#344 = SURFACE_CURVE('',#345,(#349,#356),.PCURVE_S1.);
#345 = LINE('',#346,#347);
#346 = CARTESIAN_POINT('',(4.5,0.,135.5));
#347 = VECTOR('',#348,1.);
#348 = DIRECTION('',(1.,0.,0.));
#349 = PCURVE('',#44,#350);
#350 = DEFINITIONAL_REPRESENTATION('',(#351),#355);
#351 = LINE('',#352,#353);
#352 = CARTESIAN_POINT('',(131.,0.));
#353 = VECTOR('',#354,1.);
#354 = DIRECTION('',(0.,1.));
#355 = ( GEOMETRIC_REPRESENTATION_CONTEXT(2) 
PARAMETRIC_REPRESENTATION_CONTEXT() REPRESENTATION_CONTEXT('2D SPACE',''
  ) );
#356 = PCURVE('',#357,#362);
#357 = PLANE('',#358);
#358 = AXIS2_PLACEMENT_3D('',#359,#360,#361);
#359 = CARTESIAN_POINT('',(4.5,0.,135.5));
#360 = DIRECTION('',(0.,0.,1.));
#361 = DIRECTION('',(1.,0.,0.));
#362 = DEFINITIONAL_REPRESENTATION('',(#363),#367);
#363 = LINE('',#364,#365);
#364 = CARTESIAN_POINT('',(0.,0.));
#365 = VECTOR('',#366,1.);
#366 = DIRECTION('',(1.,0.));
#367 = ( GEOMETRIC_REPRESENTATION_CONTEXT(2) 
PARAMETRIC_REPRESENTATION_CONTEXT() REPRESENTATION_CONTEXT('2D SPACE',''
  ) );
#368 = ORIENTED_EDGE('',*,*,#369,.F.);
#369 = EDGE_CURVE('',#370,#342,#372,.T.);
#370 = VERTEX_POINT('',#371);
#371 = CARTESIAN_POINT('',(115.5,0.,130.));
#372 = SURFACE_CURVE('',#373,(#378,#389),.PCURVE_S1.);
#373 = CIRCLE('',#374,5.5);
#374 = AXIS2_PLACEMENT_3D('',#375,#376,#377);
#375 = CARTESIAN_POINT('',(110.,0.,130.));
#376 = DIRECTION('',(-0.,-1.,0.));
#377 = DIRECTION('',(0.,-0.,1.));
#378 = PCURVE('',#44,#379);
#379 = DEFINITIONAL_REPRESENTATION('',(#380),#388);
#380 = ( BOUNDED_CURVE() B_SPLINE_CURVE(2,(#381,#382,#383,#384,#385,#386
,#387),.UNSPECIFIED.,.T.,.F.) B_SPLINE_CURVE_WITH_KNOTS((1,2,2,2,2,1),(
    -2.094395102393,0.,2.094395102393,4.188790204786,6.28318530718,
8.377580409573),.UNSPECIFIED.) CURVE() GEOMETRIC_REPRESENTATION_ITEM() 
RATIONAL_B_SPLINE_CURVE((1.,0.5,1.,0.5,1.,0.5,1.)) REPRESENTATION_ITEM(
  '') );
#381 = CARTESIAN_POINT('',(131.,105.5));
#382 = CARTESIAN_POINT('',(131.,95.973720558371));
#383 = CARTESIAN_POINT('',(122.75,100.73686027918));
#384 = CARTESIAN_POINT('',(114.5,105.5));
#385 = CARTESIAN_POINT('',(122.75,110.26313972081));
#386 = CARTESIAN_POINT('',(131.,115.02627944162));
#387 = CARTESIAN_POINT('',(131.,105.5));
#388 = ( GEOMETRIC_REPRESENTATION_CONTEXT(2) 
PARAMETRIC_REPRESENTATION_CONTEXT() REPRESENTATION_CONTEXT('2D SPACE',''
  ) );
#389 = PCURVE('',#390,#395);
#390 = CYLINDRICAL_SURFACE('',#391,5.5);
#391 = AXIS2_PLACEMENT_3D('',#392,#393,#394);
#392 = CARTESIAN_POINT('',(110.,0.,130.));
#393 = DIRECTION('',(0.,1.,0.));
#394 = DIRECTION('',(1.,0.,-0.));
#395 = DEFINITIONAL_REPRESENTATION('',(#396),#400);
#396 = LINE('',#397,#398);
#397 = CARTESIAN_POINT('',(4.712388980385,-0.));
#398 = VECTOR('',#399,1.);
#399 = DIRECTION('',(-1.,0.));
#400 = ( GEOMETRIC_REPRESENTATION_CONTEXT(2) 
PARAMETRIC_REPRESENTATION_CONTEXT() REPRESENTATION_CONTEXT('2D SPACE',''
  ) );
#401 = ORIENTED_EDGE('',*,*,#402,.F.);
#402 = EDGE_CURVE('',#403,#370,#405,.T.);
#403 = VERTEX_POINT('',#404);
#404 = CARTESIAN_POINT('',(115.5,0.,10.));
#405 = SURFACE_CURVE('',#406,(#410,#417),.PCURVE_S1.);
#406 = LINE('',#407,#408);
#407 = CARTESIAN_POINT('',(115.5,0.,4.5));
#408 = VECTOR('',#409,1.);
#409 = DIRECTION('',(0.,0.,1.));
#410 = PCURVE('',#44,#411);
#411 = DEFINITIONAL_REPRESENTATION('',(#412),#416);
#412 = LINE('',#413,#414);
#413 = CARTESIAN_POINT('',(0.,111.));
#414 = VECTOR('',#415,1.);
#415 = DIRECTION('',(1.,0.));
#416 = ( GEOMETRIC_REPRESENTATION_CONTEXT(2) 
PARAMETRIC_REPRESENTATION_CONTEXT() REPRESENTATION_CONTEXT('2D SPACE',''
  ) );
#417 = PCURVE('',#418,#423);
#418 = PLANE('',#419);
#419 = AXIS2_PLACEMENT_3D('',#420,#421,#422);
#420 = CARTESIAN_POINT('',(115.5,0.,4.5));
#421 = DIRECTION('',(1.,0.,0.));
#422 = DIRECTION('',(0.,0.,1.));
#423 = DEFINITIONAL_REPRESENTATION('',(#424),#428);
#424 = LINE('',#425,#426);
#425 = CARTESIAN_POINT('',(0.,0.));
#426 = VECTOR('',#427,1.);
#427 = DIRECTION('',(1.,0.));
#428 = ( GEOMETRIC_REPRESENTATION_CONTEXT(2) 
PARAMETRIC_REPRESENTATION_CONTEXT() REPRESENTATION_CONTEXT('2D SPACE',''
  ) );
#429 = ORIENTED_EDGE('',*,*,#430,.T.);
#430 = EDGE_CURVE('',#403,#263,#431,.T.);
#431 = SURFACE_CURVE('',#432,(#437,#444),.PCURVE_S1.);
#432 = CIRCLE('',#433,5.5);
#433 = AXIS2_PLACEMENT_3D('',#434,#435,#436);
#434 = CARTESIAN_POINT('',(110.,0.,10.));
#435 = DIRECTION('',(0.,1.,0.));
#436 = DIRECTION('',(0.,-0.,1.));
#437 = PCURVE('',#44,#438);
#438 = DEFINITIONAL_REPRESENTATION('',(#439),#443);
#439 = CIRCLE('',#440,5.5);
#440 = AXIS2_PLACEMENT_2D('',#441,#442);
#441 = CARTESIAN_POINT('',(5.5,105.5));
#442 = DIRECTION('',(1.,0.));
#443 = ( GEOMETRIC_REPRESENTATION_CONTEXT(2) 
PARAMETRIC_REPRESENTATION_CONTEXT() REPRESENTATION_CONTEXT('2D SPACE',''
  ) );
#444 = PCURVE('',#445,#450);
#445 = CYLINDRICAL_SURFACE('',#446,5.5);
#446 = AXIS2_PLACEMENT_3D('',#447,#448,#449);
#447 = CARTESIAN_POINT('',(110.,0.,10.));
#448 = DIRECTION('',(0.,1.,0.));
#449 = DIRECTION('',(1.,0.,-0.));
#450 = DEFINITIONAL_REPRESENTATION('',(#451),#455);
#451 = LINE('',#452,#453);
#452 = CARTESIAN_POINT('',(-1.570796326795,0.));
#453 = VECTOR('',#454,1.);
#454 = DIRECTION('',(1.,0.));
#455 = ( GEOMETRIC_REPRESENTATION_CONTEXT(2) 
PARAMETRIC_REPRESENTATION_CONTEXT() REPRESENTATION_CONTEXT('2D SPACE',''
  ) );
#456 = FACE_BOUND('',#457,.F.);
#457 = EDGE_LOOP('',(#458,#489,#515,#544,#570,#599,#625,#654));
#458 = ORIENTED_EDGE('',*,*,#459,.F.);
#459 = EDGE_CURVE('',#460,#462,#464,.T.);
#460 = VERTEX_POINT('',#461);
#461 = CARTESIAN_POINT('',(4.8,0.,130.));
#462 = VERTEX_POINT('',#463);
#463 = CARTESIAN_POINT('',(10.,0.,135.2));
#464 = SURFACE_CURVE('',#465,(#470,#477),.PCURVE_S1.);
#465 = CIRCLE('',#466,5.2);
#466 = AXIS2_PLACEMENT_3D('',#467,#468,#469);
#467 = CARTESIAN_POINT('',(10.,0.,130.));
#468 = DIRECTION('',(0.,1.,0.));
#469 = DIRECTION('',(-1.,0.,0.));
#470 = PCURVE('',#44,#471);
#471 = DEFINITIONAL_REPRESENTATION('',(#472),#476);
#472 = CIRCLE('',#473,5.2);
#473 = AXIS2_PLACEMENT_2D('',#474,#475);
#474 = CARTESIAN_POINT('',(125.5,5.5));
#475 = DIRECTION('',(0.,-1.));
#476 = ( GEOMETRIC_REPRESENTATION_CONTEXT(2) 
PARAMETRIC_REPRESENTATION_CONTEXT() REPRESENTATION_CONTEXT('2D SPACE',''
  ) );
#477 = PCURVE('',#478,#483);
#478 = CYLINDRICAL_SURFACE('',#479,5.2);
#479 = AXIS2_PLACEMENT_3D('',#480,#481,#482);
#480 = CARTESIAN_POINT('',(10.,-1.,130.));
#481 = DIRECTION('',(0.,1.,0.));
#482 = DIRECTION('',(-1.,0.,0.));
#483 = DEFINITIONAL_REPRESENTATION('',(#484),#488);
#484 = LINE('',#485,#486);
#485 = CARTESIAN_POINT('',(0.,1.));
#486 = VECTOR('',#487,1.);
#487 = DIRECTION('',(1.,0.));
#488 = ( GEOMETRIC_REPRESENTATION_CONTEXT(2) 
PARAMETRIC_REPRESENTATION_CONTEXT() REPRESENTATION_CONTEXT('2D SPACE',''
  ) );
#489 = ORIENTED_EDGE('',*,*,#490,.T.);
#490 = EDGE_CURVE('',#460,#491,#493,.T.);
#491 = VERTEX_POINT('',#492);
#492 = CARTESIAN_POINT('',(4.8,0.,10.));
#493 = SURFACE_CURVE('',#494,(#498,#504),.PCURVE_S1.);
#494 = LINE('',#495,#496);
#495 = CARTESIAN_POINT('',(4.8,0.,4.65));
#496 = VECTOR('',#497,1.);
#497 = DIRECTION('',(0.,0.,-1.));
#498 = PCURVE('',#44,#499);
#499 = DEFINITIONAL_REPRESENTATION('',(#500),#503);
#500 = B_SPLINE_CURVE_WITH_KNOTS('',1,(#501,#502),.UNSPECIFIED.,.F.,.F.,
  (2,2),(-125.35,-5.35),.PIECEWISE_BEZIER_KNOTS.);
#501 = CARTESIAN_POINT('',(125.5,0.3));
#502 = CARTESIAN_POINT('',(5.5,0.3));
#503 = ( GEOMETRIC_REPRESENTATION_CONTEXT(2) 
PARAMETRIC_REPRESENTATION_CONTEXT() REPRESENTATION_CONTEXT('2D SPACE',''
  ) );
#504 = PCURVE('',#505,#510);
#505 = PLANE('',#506);
#506 = AXIS2_PLACEMENT_3D('',#507,#508,#509);
#507 = CARTESIAN_POINT('',(4.8,-1.,4.8));
#508 = DIRECTION('',(1.,0.,0.));
#509 = DIRECTION('',(0.,0.,1.));
#510 = DEFINITIONAL_REPRESENTATION('',(#511),#514);
#511 = B_SPLINE_CURVE_WITH_KNOTS('',1,(#512,#513),.UNSPECIFIED.,.F.,.F.,
  (2,2),(-125.35,-5.35),.PIECEWISE_BEZIER_KNOTS.);
#512 = CARTESIAN_POINT('',(125.2,-1.));
#513 = CARTESIAN_POINT('',(5.2,-1.));
#514 = ( GEOMETRIC_REPRESENTATION_CONTEXT(2) 
PARAMETRIC_REPRESENTATION_CONTEXT() REPRESENTATION_CONTEXT('2D SPACE',''
  ) );
#515 = ORIENTED_EDGE('',*,*,#516,.F.);
#516 = EDGE_CURVE('',#517,#491,#519,.T.);
#517 = VERTEX_POINT('',#518);
#518 = CARTESIAN_POINT('',(10.,0.,4.8));
#519 = SURFACE_CURVE('',#520,(#525,#532),.PCURVE_S1.);
#520 = CIRCLE('',#521,5.2);
#521 = AXIS2_PLACEMENT_3D('',#522,#523,#524);
#522 = CARTESIAN_POINT('',(10.,0.,10.));
#523 = DIRECTION('',(0.,1.,0.));
#524 = DIRECTION('',(-1.,0.,0.));
#525 = PCURVE('',#44,#526);
#526 = DEFINITIONAL_REPRESENTATION('',(#527),#531);
#527 = CIRCLE('',#528,5.2);
#528 = AXIS2_PLACEMENT_2D('',#529,#530);
#529 = CARTESIAN_POINT('',(5.5,5.5));
#530 = DIRECTION('',(0.,-1.));
#531 = ( GEOMETRIC_REPRESENTATION_CONTEXT(2) 
PARAMETRIC_REPRESENTATION_CONTEXT() REPRESENTATION_CONTEXT('2D SPACE',''
  ) );
#532 = PCURVE('',#533,#538);
#533 = CYLINDRICAL_SURFACE('',#534,5.2);
#534 = AXIS2_PLACEMENT_3D('',#535,#536,#537);
#535 = CARTESIAN_POINT('',(10.,-1.,10.));
#536 = DIRECTION('',(0.,1.,0.));
#537 = DIRECTION('',(-1.,0.,0.));
#538 = DEFINITIONAL_REPRESENTATION('',(#539),#543);
#539 = LINE('',#540,#541);
#540 = CARTESIAN_POINT('',(-6.28318530718,1.));
#541 = VECTOR('',#542,1.);
#542 = DIRECTION('',(1.,-0.));
#543 = ( GEOMETRIC_REPRESENTATION_CONTEXT(2) 
PARAMETRIC_REPRESENTATION_CONTEXT() REPRESENTATION_CONTEXT('2D SPACE',''
  ) );
#544 = ORIENTED_EDGE('',*,*,#545,.T.);
#545 = EDGE_CURVE('',#517,#546,#548,.T.);
#546 = VERTEX_POINT('',#547);
#547 = CARTESIAN_POINT('',(110.,0.,4.8));
#548 = SURFACE_CURVE('',#549,(#553,#559),.PCURVE_S1.);
#549 = LINE('',#550,#551);
#550 = CARTESIAN_POINT('',(4.65,0.,4.8));
#551 = VECTOR('',#552,1.);
#552 = DIRECTION('',(1.,0.,0.));
#553 = PCURVE('',#44,#554);
#554 = DEFINITIONAL_REPRESENTATION('',(#555),#558);
#555 = B_SPLINE_CURVE_WITH_KNOTS('',1,(#556,#557),.UNSPECIFIED.,.F.,.F.,
  (2,2),(5.35,105.35),.PIECEWISE_BEZIER_KNOTS.);
#556 = CARTESIAN_POINT('',(0.3,5.5));
#557 = CARTESIAN_POINT('',(0.3,105.5));
#558 = ( GEOMETRIC_REPRESENTATION_CONTEXT(2) 
PARAMETRIC_REPRESENTATION_CONTEXT() REPRESENTATION_CONTEXT('2D SPACE',''
  ) );
#559 = PCURVE('',#560,#565);
#560 = PLANE('',#561);
#561 = AXIS2_PLACEMENT_3D('',#562,#563,#564);
#562 = CARTESIAN_POINT('',(4.8,-1.,4.8));
#563 = DIRECTION('',(0.,0.,1.));
#564 = DIRECTION('',(1.,0.,0.));
#565 = DEFINITIONAL_REPRESENTATION('',(#566),#569);
#566 = B_SPLINE_CURVE_WITH_KNOTS('',1,(#567,#568),.UNSPECIFIED.,.F.,.F.,
  (2,2),(5.35,105.35),.PIECEWISE_BEZIER_KNOTS.);
#567 = CARTESIAN_POINT('',(5.2,1.));
#568 = CARTESIAN_POINT('',(105.2,1.));
#569 = ( GEOMETRIC_REPRESENTATION_CONTEXT(2) 
PARAMETRIC_REPRESENTATION_CONTEXT() REPRESENTATION_CONTEXT('2D SPACE',''
  ) );
#570 = ORIENTED_EDGE('',*,*,#571,.F.);
#571 = EDGE_CURVE('',#572,#546,#574,.T.);
#572 = VERTEX_POINT('',#573);
#573 = CARTESIAN_POINT('',(115.2,0.,10.));
#574 = SURFACE_CURVE('',#575,(#580,#587),.PCURVE_S1.);
#575 = CIRCLE('',#576,5.2);
#576 = AXIS2_PLACEMENT_3D('',#577,#578,#579);
#577 = CARTESIAN_POINT('',(110.,0.,10.));
#578 = DIRECTION('',(0.,1.,0.));
#579 = DIRECTION('',(1.,0.,-0.));
#580 = PCURVE('',#44,#581);
#581 = DEFINITIONAL_REPRESENTATION('',(#582),#586);
#582 = CIRCLE('',#583,5.2);
#583 = AXIS2_PLACEMENT_2D('',#584,#585);
#584 = CARTESIAN_POINT('',(5.5,105.5));
#585 = DIRECTION('',(0.,1.));
#586 = ( GEOMETRIC_REPRESENTATION_CONTEXT(2) 
PARAMETRIC_REPRESENTATION_CONTEXT() REPRESENTATION_CONTEXT('2D SPACE',''
  ) );
#587 = PCURVE('',#588,#593);
#588 = CYLINDRICAL_SURFACE('',#589,5.2);
#589 = AXIS2_PLACEMENT_3D('',#590,#591,#592);
#590 = CARTESIAN_POINT('',(110.,-1.,10.));
#591 = DIRECTION('',(0.,1.,0.));
#592 = DIRECTION('',(1.,0.,-0.));
#593 = DEFINITIONAL_REPRESENTATION('',(#594),#598);
#594 = LINE('',#595,#596);
#595 = CARTESIAN_POINT('',(0.,1.));
#596 = VECTOR('',#597,1.);
#597 = DIRECTION('',(1.,0.));
#598 = ( GEOMETRIC_REPRESENTATION_CONTEXT(2) 
PARAMETRIC_REPRESENTATION_CONTEXT() REPRESENTATION_CONTEXT('2D SPACE',''
  ) );
#599 = ORIENTED_EDGE('',*,*,#600,.F.);
#600 = EDGE_CURVE('',#601,#572,#603,.T.);
#601 = VERTEX_POINT('',#602);
#602 = CARTESIAN_POINT('',(115.2,0.,130.));
#603 = SURFACE_CURVE('',#604,(#608,#614),.PCURVE_S1.);
#604 = LINE('',#605,#606);
#605 = CARTESIAN_POINT('',(115.2,0.,4.65));
#606 = VECTOR('',#607,1.);
#607 = DIRECTION('',(0.,0.,-1.));
#608 = PCURVE('',#44,#609);
#609 = DEFINITIONAL_REPRESENTATION('',(#610),#613);
#610 = B_SPLINE_CURVE_WITH_KNOTS('',1,(#611,#612),.UNSPECIFIED.,.F.,.F.,
  (2,2),(-125.35,-5.35),.PIECEWISE_BEZIER_KNOTS.);
#611 = CARTESIAN_POINT('',(125.5,110.7));
#612 = CARTESIAN_POINT('',(5.5,110.7));
#613 = ( GEOMETRIC_REPRESENTATION_CONTEXT(2) 
PARAMETRIC_REPRESENTATION_CONTEXT() REPRESENTATION_CONTEXT('2D SPACE',''
  ) );
#614 = PCURVE('',#615,#620);
#615 = PLANE('',#616);
#616 = AXIS2_PLACEMENT_3D('',#617,#618,#619);
#617 = CARTESIAN_POINT('',(115.2,-1.,4.8));
#618 = DIRECTION('',(1.,0.,0.));
#619 = DIRECTION('',(0.,0.,1.));
#620 = DEFINITIONAL_REPRESENTATION('',(#621),#624);
#621 = B_SPLINE_CURVE_WITH_KNOTS('',1,(#622,#623),.UNSPECIFIED.,.F.,.F.,
  (2,2),(-125.35,-5.35),.PIECEWISE_BEZIER_KNOTS.);
#622 = CARTESIAN_POINT('',(125.2,-1.));
#623 = CARTESIAN_POINT('',(5.2,-1.));
#624 = ( GEOMETRIC_REPRESENTATION_CONTEXT(2) 
PARAMETRIC_REPRESENTATION_CONTEXT() REPRESENTATION_CONTEXT('2D SPACE',''
  ) );
#625 = ORIENTED_EDGE('',*,*,#626,.F.);
#626 = EDGE_CURVE('',#627,#601,#629,.T.);
#627 = VERTEX_POINT('',#628);
#628 = CARTESIAN_POINT('',(110.,0.,135.2));
#629 = SURFACE_CURVE('',#630,(#635,#642),.PCURVE_S1.);
#630 = CIRCLE('',#631,5.2);
#631 = AXIS2_PLACEMENT_3D('',#632,#633,#634);
#632 = CARTESIAN_POINT('',(110.,0.,130.));
#633 = DIRECTION('',(0.,1.,0.));
#634 = DIRECTION('',(1.,0.,-0.));
#635 = PCURVE('',#44,#636);
#636 = DEFINITIONAL_REPRESENTATION('',(#637),#641);
#637 = CIRCLE('',#638,5.2);
#638 = AXIS2_PLACEMENT_2D('',#639,#640);
#639 = CARTESIAN_POINT('',(125.5,105.5));
#640 = DIRECTION('',(0.,1.));
#641 = ( GEOMETRIC_REPRESENTATION_CONTEXT(2) 
PARAMETRIC_REPRESENTATION_CONTEXT() REPRESENTATION_CONTEXT('2D SPACE',''
  ) );
#642 = PCURVE('',#643,#648);
#643 = CYLINDRICAL_SURFACE('',#644,5.2);
#644 = AXIS2_PLACEMENT_3D('',#645,#646,#647);
#645 = CARTESIAN_POINT('',(110.,-1.,130.));
#646 = DIRECTION('',(0.,1.,0.));
#647 = DIRECTION('',(1.,0.,-0.));
#648 = DEFINITIONAL_REPRESENTATION('',(#649),#653);
#649 = LINE('',#650,#651);
#650 = CARTESIAN_POINT('',(-6.28318530718,1.));
#651 = VECTOR('',#652,1.);
#652 = DIRECTION('',(1.,-0.));
#653 = ( GEOMETRIC_REPRESENTATION_CONTEXT(2) 
PARAMETRIC_REPRESENTATION_CONTEXT() REPRESENTATION_CONTEXT('2D SPACE',''
  ) );
#654 = ORIENTED_EDGE('',*,*,#655,.F.);
#655 = EDGE_CURVE('',#462,#627,#656,.T.);
#656 = SURFACE_CURVE('',#657,(#661,#667),.PCURVE_S1.);
#657 = LINE('',#658,#659);
#658 = CARTESIAN_POINT('',(4.65,0.,135.2));
#659 = VECTOR('',#660,1.);
#660 = DIRECTION('',(1.,0.,0.));
#661 = PCURVE('',#44,#662);
#662 = DEFINITIONAL_REPRESENTATION('',(#663),#666);
#663 = B_SPLINE_CURVE_WITH_KNOTS('',1,(#664,#665),.UNSPECIFIED.,.F.,.F.,
  (2,2),(5.35,105.35),.PIECEWISE_BEZIER_KNOTS.);
#664 = CARTESIAN_POINT('',(130.7,5.5));
#665 = CARTESIAN_POINT('',(130.7,105.5));
#666 = ( GEOMETRIC_REPRESENTATION_CONTEXT(2) 
PARAMETRIC_REPRESENTATION_CONTEXT() REPRESENTATION_CONTEXT('2D SPACE',''
  ) );
#667 = PCURVE('',#668,#673);
#668 = PLANE('',#669);
#669 = AXIS2_PLACEMENT_3D('',#670,#671,#672);
#670 = CARTESIAN_POINT('',(4.8,-1.,135.2));
#671 = DIRECTION('',(0.,0.,1.));
#672 = DIRECTION('',(1.,0.,0.));
#673 = DEFINITIONAL_REPRESENTATION('',(#674),#677);
#674 = B_SPLINE_CURVE_WITH_KNOTS('',1,(#675,#676),.UNSPECIFIED.,.F.,.F.,
  (2,2),(5.35,105.35),.PIECEWISE_BEZIER_KNOTS.);
#675 = CARTESIAN_POINT('',(5.2,1.));
#676 = CARTESIAN_POINT('',(105.2,1.));
#677 = ( GEOMETRIC_REPRESENTATION_CONTEXT(2) 
PARAMETRIC_REPRESENTATION_CONTEXT() REPRESENTATION_CONTEXT('2D SPACE',''
  ) );
#678 = ADVANCED_FACE('',(#679),#128,.T.);
#679 = FACE_BOUND('',#680,.T.);
#680 = EDGE_LOOP('',(#681,#682,#683,#706,#728,#729));
#681 = ORIENTED_EDGE('',*,*,#201,.F.);
#682 = ORIENTED_EDGE('',*,*,#317,.T.);
#683 = ORIENTED_EDGE('',*,*,#684,.T.);
#684 = EDGE_CURVE('',#318,#685,#687,.T.);
#685 = VERTEX_POINT('',#686);
#686 = CARTESIAN_POINT('',(10.,110.,135.5));
#687 = SURFACE_CURVE('',#688,(#692,#699),.PCURVE_S1.);
#688 = LINE('',#689,#690);
#689 = CARTESIAN_POINT('',(10.,0.,135.5));
#690 = VECTOR('',#691,1.);
#691 = DIRECTION('',(0.,1.,0.));
#692 = PCURVE('',#128,#693);
#693 = DEFINITIONAL_REPRESENTATION('',(#694),#698);
#694 = LINE('',#695,#696);
#695 = CARTESIAN_POINT('',(1.570796326795,0.));
#696 = VECTOR('',#697,1.);
#697 = DIRECTION('',(0.,1.));
#698 = ( GEOMETRIC_REPRESENTATION_CONTEXT(2) 
PARAMETRIC_REPRESENTATION_CONTEXT() REPRESENTATION_CONTEXT('2D SPACE',''
  ) );
#699 = PCURVE('',#357,#700);
#700 = DEFINITIONAL_REPRESENTATION('',(#701),#705);
#701 = LINE('',#702,#703);
#702 = CARTESIAN_POINT('',(5.5,0.));
#703 = VECTOR('',#704,1.);
#704 = DIRECTION('',(0.,1.));
#705 = ( GEOMETRIC_REPRESENTATION_CONTEXT(2) 
PARAMETRIC_REPRESENTATION_CONTEXT() REPRESENTATION_CONTEXT('2D SPACE',''
  ) );
#706 = ORIENTED_EDGE('',*,*,#707,.F.);
#707 = EDGE_CURVE('',#85,#685,#708,.T.);
#708 = SURFACE_CURVE('',#709,(#714,#721),.PCURVE_S1.);
#709 = CIRCLE('',#710,5.5);
#710 = AXIS2_PLACEMENT_3D('',#711,#712,#713);
#711 = CARTESIAN_POINT('',(10.,110.,130.));
#712 = DIRECTION('',(0.,1.,0.));
#713 = DIRECTION('',(0.,-0.,1.));
#714 = PCURVE('',#128,#715);
#715 = DEFINITIONAL_REPRESENTATION('',(#716),#720);
#716 = LINE('',#717,#718);
#717 = CARTESIAN_POINT('',(-4.712388980385,110.));
#718 = VECTOR('',#719,1.);
#719 = DIRECTION('',(1.,0.));
#720 = ( GEOMETRIC_REPRESENTATION_CONTEXT(2) 
PARAMETRIC_REPRESENTATION_CONTEXT() REPRESENTATION_CONTEXT('2D SPACE',''
  ) );
#721 = PCURVE('',#100,#722);
#722 = DEFINITIONAL_REPRESENTATION('',(#723),#727);
#723 = CIRCLE('',#724,5.5);
#724 = AXIS2_PLACEMENT_2D('',#725,#726);
#725 = CARTESIAN_POINT('',(125.5,5.5));
#726 = DIRECTION('',(1.,0.));
#727 = ( GEOMETRIC_REPRESENTATION_CONTEXT(2) 
PARAMETRIC_REPRESENTATION_CONTEXT() REPRESENTATION_CONTEXT('2D SPACE',''
  ) );
#728 = ORIENTED_EDGE('',*,*,#112,.F.);
#729 = ORIENTED_EDGE('',*,*,#730,.T.);
#730 = EDGE_CURVE('',#113,#174,#731,.T.);
#731 = SURFACE_CURVE('',#732,(#789,#849),.PCURVE_S1.);
#732 = B_SPLINE_CURVE_WITH_KNOTS('',7,(#733,#734,#735,#736,#737,#738,
    #739,#740,#741,#742,#743,#744,#745,#746,#747,#748,#749,#750,#751,
    #752,#753,#754,#755,#756,#757,#758,#759,#760,#761,#762,#763,#764,
    #765,#766,#767,#768,#769,#770,#771,#772,#773,#774,#775,#776,#777,
    #778,#779,#780,#781,#782,#783,#784,#785,#786,#787,#788),
  .UNSPECIFIED.,.F.,.F.,(8,6,6,6,6,6,6,6,6,8),(0.,7.895828686949E-02,
    0.274433726741,0.40558684657,0.500749444647,0.56170192046,
    0.595873466717,0.72735415602,0.92370428332,1.),.UNSPECIFIED.);
#733 = CARTESIAN_POINT('',(4.5,96.538348415311,130.));
#734 = CARTESIAN_POINT('',(4.5,96.45337537822,130.22223332896));
#735 = CARTESIAN_POINT('',(4.510476159438,96.360805936044,
    130.43791661091));
#736 = CARTESIAN_POINT('',(4.530316957962,96.261346035141,
    130.64656527894));
#737 = CARTESIAN_POINT('',(4.558448435077,96.155750042874,
    130.84778184952));
#738 = CARTESIAN_POINT('',(4.593822195171,96.044812482666,
    131.04124293351));
#739 = CARTESIAN_POINT('',(4.635409352782,95.929365326213,
    131.22669027017));
#740 = CARTESIAN_POINT('',(4.798040115816,95.515465786824,
    131.84270417454));
#741 = CARTESIAN_POINT('',(4.946654841794,95.196117544811,
    132.23448743657));
#742 = CARTESIAN_POINT('',(5.115538461324,94.859922056892,
    132.58222824302));
#743 = CARTESIAN_POINT('',(5.296193287807,94.51187177363,132.89014318356
    ));
#744 = CARTESIAN_POINT('',(5.482529098495,94.154179067662,
    133.16256687922));
#745 = CARTESIAN_POINT('',(5.670355141303,93.786726651495,
    133.40341470237));
#746 = CARTESIAN_POINT('',(5.97918004073,93.15109477916,133.75747192927)
  );
#747 = CARTESIAN_POINT('',(6.101355423156,92.891014378801,
    133.88605744281));
#748 = CARTESIAN_POINT('',(6.220037087606,92.625863329933,
    134.00165912399));
#749 = CARTESIAN_POINT('',(6.333292324565,92.355463542438,
    134.10447799059));
#750 = CARTESIAN_POINT('',(6.438767238812,92.079695195594,
    134.19446894454));
#751 = CARTESIAN_POINT('',(6.533672378033,91.798376933573,
    134.27144311754));
#752 = CARTESIAN_POINT('',(6.674052352236,91.302541944403,
    134.38105934777));
#753 = CARTESIAN_POINT('',(6.726148073169,91.090159379432,
    134.42022917913));
#754 = CARTESIAN_POINT('',(6.769684833328,90.875079136462,
    134.45191096289));
#755 = CARTESIAN_POINT('',(6.80335299378,90.658100835452,134.47584798645
    ));
#756 = CARTESIAN_POINT('',(6.826213679033,90.439731048742,
    134.49191240028));
#757 = CARTESIAN_POINT('',(6.837722339832,90.220286510064,134.5));
#758 = CARTESIAN_POINT('',(6.837722339832,89.858904564943,134.5));
#759 = CARTESIAN_POINT('',(6.833000772566,89.717917911566,
    134.49668201521));
#760 = CARTESIAN_POINT('',(6.823570685555,89.577193712479,
    134.49005524293));
#761 = CARTESIAN_POINT('',(6.809528388478,89.436893695796,
    134.48014068293));
#762 = CARTESIAN_POINT('',(6.791054843659,89.29720515973,134.46697300669
    ));
#763 = CARTESIAN_POINT('',(6.768414142545,89.158358399256,
    134.45061028265));
#764 = CARTESIAN_POINT('',(6.727112057821,88.943437789091,
    134.42024248911));
#765 = CARTESIAN_POINT('',(6.711066617502,88.866553986142,
    134.40835561399));
#766 = CARTESIAN_POINT('',(6.693862408024,88.789998271552,
    134.39550035379));
#767 = CARTESIAN_POINT('',(6.675552142688,88.713780059763,
    134.38168623676));
#768 = CARTESIAN_POINT('',(6.656191349345,88.637912550987,
    134.36692343763));
#769 = CARTESIAN_POINT('',(6.635838132465,88.562412738143,
    134.35122331739));
#770 = CARTESIAN_POINT('',(6.532654609996,88.198298141089,
    134.27063400422));
#771 = CARTESIAN_POINT('',(6.437055553903,87.915387797314,
    134.19306187278));
#772 = CARTESIAN_POINT('',(6.330791573802,87.638089706266,134.1023228793
    ));
#773 = CARTESIAN_POINT('',(6.216699678478,87.366221472928,
    133.99860757867));
#774 = CARTESIAN_POINT('',(6.097168328291,87.099660835855,
    133.88195926953));
#775 = CARTESIAN_POINT('',(5.974155091208,86.838224292177,
    133.75216705346));
#776 = CARTESIAN_POINT('',(5.662962955179,86.198584195556,
    133.39423158793));
#777 = CARTESIAN_POINT('',(5.473675650971,85.828665465291,
    133.15042115412));
#778 = CARTESIAN_POINT('',(5.286057832298,85.468649201837,
    132.87447461216));
#779 = CARTESIAN_POINT('',(5.104373930049,85.118409206624,
    132.56229826289));
#780 = CARTESIAN_POINT('',(4.934947541894,84.780335906078,132.2094707023
    ));
#781 = CARTESIAN_POINT('',(4.786578454802,84.459626203227,
    131.81163362425));
#782 = CARTESIAN_POINT('',(4.627887473665,84.049571190408,
    131.19263699518));
#783 = CARTESIAN_POINT('',(4.588498252633,83.938327343686,
    131.01168094605));
#784 = CARTESIAN_POINT('',(4.555060868611,83.831398927885,
    130.82319084485));
#785 = CARTESIAN_POINT('',(4.528522326971,83.729556428572,
    130.62742624501));
#786 = CARTESIAN_POINT('',(4.509842700912,83.633531631322,
    130.42470481773));
#787 = CARTESIAN_POINT('',(4.5,83.544015528439,130.21540966443));
#788 = CARTESIAN_POINT('',(4.5,83.461651584689,130.));
#789 = PCURVE('',#128,#790);
#790 = DEFINITIONAL_REPRESENTATION('',(#791),#848);
#791 = B_SPLINE_CURVE_WITH_KNOTS('',7,(#792,#793,#794,#795,#796,#797,
    #798,#799,#800,#801,#802,#803,#804,#805,#806,#807,#808,#809,#810,
    #811,#812,#813,#814,#815,#816,#817,#818,#819,#820,#821,#822,#823,
    #824,#825,#826,#827,#828,#829,#830,#831,#832,#833,#834,#835,#836,
    #837,#838,#839,#840,#841,#842,#843,#844,#845,#846,#847),
  .UNSPECIFIED.,.F.,.F.,(8,6,6,6,6,6,6,6,6,8),(0.,7.895828686949E-02,
    0.274433726741,0.40558684657,0.500749444647,0.56170192046,
    0.595873466717,0.72735415602,0.92370428332,1.),.UNSPECIFIED.);
#792 = CARTESIAN_POINT('',(0.,96.538348415311));
#793 = CARTESIAN_POINT('',(4.040605981125E-02,96.45337537822));
#794 = CARTESIAN_POINT('',(7.962121474131E-02,96.360805936044));
#795 = CARTESIAN_POINT('',(0.117665042252,96.261346035141));
#796 = CARTESIAN_POINT('',(0.154544601463,96.155750042874));
#797 = CARTESIAN_POINT('',(0.190256257064,96.044812482666));
#798 = CARTESIAN_POINT('',(0.224787077744,95.929365326213));
#799 = CARTESIAN_POINT('',(0.340627077896,95.515465786824));
#800 = CARTESIAN_POINT('',(0.416398262056,95.196117544811));
#801 = CARTESIAN_POINT('',(0.486283057825,94.859922056892));
#802 = CARTESIAN_POINT('',(0.550881239079,94.51187177363));
#803 = CARTESIAN_POINT('',(0.610697876415,94.154179067662));
#804 = CARTESIAN_POINT('',(0.666146208896,93.786726651495));
#805 = CARTESIAN_POINT('',(0.751567737997,93.15109477916));
#806 = CARTESIAN_POINT('',(0.783788093214,92.891014378801));
#807 = CARTESIAN_POINT('',(0.813877759424,92.625863329933));
#808 = CARTESIAN_POINT('',(0.841663313808,92.355463542438));
#809 = CARTESIAN_POINT('',(0.866859185452,92.079695195594));
#810 = CARTESIAN_POINT('',(0.889072943071,91.798376933573));
#811 = CARTESIAN_POINT('',(0.92145611138,91.302541944403));
#812 = CARTESIAN_POINT('',(0.933304726068,91.090159379432));
#813 = CARTESIAN_POINT('',(0.94309325602,90.875079136462));
#814 = CARTESIAN_POINT('',(0.950603872269,90.658100835452));
#815 = CARTESIAN_POINT('',(0.95568414327,90.439731048742));
#816 = CARTESIAN_POINT('',(0.958241588456,90.220286510064));
#817 = CARTESIAN_POINT('',(0.958241588456,89.858904564943));
#818 = CARTESIAN_POINT('',(0.957192352609,89.717917911566));
#819 = CARTESIAN_POINT('',(0.955096773188,89.577193712479));
#820 = CARTESIAN_POINT('',(0.951971394759,89.436893695796));
#821 = CARTESIAN_POINT('',(0.947846739761,89.29720515973));
#822 = CARTESIAN_POINT('',(0.942767900173,89.158358399256));
#823 = CARTESIAN_POINT('',(0.933447053393,88.943437789091));
#824 = CARTESIAN_POINT('',(0.929816381267,88.866553986142));
#825 = CARTESIAN_POINT('',(0.925911607997,88.789998271552));
#826 = CARTESIAN_POINT('',(0.921741372461,88.713780059763));
#827 = CARTESIAN_POINT('',(0.917314733774,88.637912550987));
#828 = CARTESIAN_POINT('',(0.912641181748,88.562412738143));
#829 = CARTESIAN_POINT('',(0.888836552221,88.198298141089));
#830 = CARTESIAN_POINT('',(0.866456396046,87.915387797314));
#831 = CARTESIAN_POINT('',(0.84106339896,87.638089706266));
#832 = CARTESIAN_POINT('',(0.813056298894,87.366221472928));
#833 = CARTESIAN_POINT('',(0.782723983081,87.099660835855));
#834 = CARTESIAN_POINT('',(0.750240360695,86.838224292177));
#835 = CARTESIAN_POINT('',(0.664004408573,86.198584195556));
#836 = CARTESIAN_POINT('',(0.607970413786,85.828665465291));
#837 = CARTESIAN_POINT('',(0.547499312315,85.468649201837));
#838 = CARTESIAN_POINT('',(0.482148322958,85.118409206624));
#839 = CARTESIAN_POINT('',(0.411402761645,84.780335906078));
#840 = CARTESIAN_POINT('',(0.334635164517,84.459626203227));
#841 = CARTESIAN_POINT('',(0.218450692461,84.049571190408));
#842 = CARTESIAN_POINT('',(0.184801745696,83.938327343686));
#843 = CARTESIAN_POINT('',(0.150038522326,83.831398927885));
#844 = CARTESIAN_POINT('',(0.114175600518,83.729556428572));
#845 = CARTESIAN_POINT('',(7.721906768179E-02,83.633531631322));
#846 = CARTESIAN_POINT('',(3.916539353424E-02,83.544015528439));
#847 = CARTESIAN_POINT('',(0.,83.461651584689));
#848 = ( GEOMETRIC_REPRESENTATION_CONTEXT(2) 
PARAMETRIC_REPRESENTATION_CONTEXT() REPRESENTATION_CONTEXT('2D SPACE',''
  ) );
#849 = PCURVE('',#161,#850);
#850 = DEFINITIONAL_REPRESENTATION('',(#851),#908);
#851 = B_SPLINE_CURVE_WITH_KNOTS('',7,(#852,#853,#854,#855,#856,#857,
    #858,#859,#860,#861,#862,#863,#864,#865,#866,#867,#868,#869,#870,
    #871,#872,#873,#874,#875,#876,#877,#878,#879,#880,#881,#882,#883,
    #884,#885,#886,#887,#888,#889,#890,#891,#892,#893,#894,#895,#896,
    #897,#898,#899,#900,#901,#902,#903,#904,#905,#906,#907),
  .UNSPECIFIED.,.F.,.F.,(8,6,6,6,6,6,6,6,6,8),(0.,7.895828686949E-02,
    0.274433726741,0.40558684657,0.500749444647,0.56170192046,
    0.595873466717,0.72735415602,0.92370428332,1.),.UNSPECIFIED.);
#852 = CARTESIAN_POINT('',(-0.36520722129,-1.5));
#853 = CARTESIAN_POINT('',(-0.399196436127,-1.5));
#854 = CARTESIAN_POINT('',(-0.432699209138,-1.510476159438));
#855 = CARTESIAN_POINT('',(-0.46567901907,-1.530316957962));
#856 = CARTESIAN_POINT('',(-0.498100165756,-1.558448435077));
#857 = CARTESIAN_POINT('',(-0.529925214204,-1.593822195171));
#858 = CARTESIAN_POINT('',(-0.561112930237,-1.635409352782));
#859 = CARTESIAN_POINT('',(-0.667134294958,-1.798040115816));
#860 = CARTESIAN_POINT('',(-0.739033811774,-1.946654841794));
#861 = CARTESIAN_POINT('',(-0.807757404521,-2.115538461324));
#862 = CARTESIAN_POINT('',(-0.873804035757,-2.296193287807));
#863 = CARTESIAN_POINT('',(-0.937775421947,-2.482529098495));
#864 = CARTESIAN_POINT('',(-1.000377349893,-2.670355141303));
#865 = CARTESIAN_POINT('',(-1.104318502499,-2.97918004073));
#866 = CARTESIAN_POINT('',(-1.145715944855,-3.101355423156));
#867 = CARTESIAN_POINT('',(-1.186962395883,-3.220037087606));
#868 = CARTESIAN_POINT('',(-1.228204002893,-3.333292324565));
#869 = CARTESIAN_POINT('',(-1.269567107658,-3.438767238812));
#870 = CARTESIAN_POINT('',(-1.311181636489,-3.533672378033));
#871 = CARTESIAN_POINT('',(-1.383725508425,-3.674052352236));
#872 = CARTESIAN_POINT('',(-1.414558431248,-3.726148073169));
#873 = CARTESIAN_POINT('',(-1.44558324764,-3.769684833328));
#874 = CARTESIAN_POINT('',(-1.476730925856,-3.80335299378));
#875 = CARTESIAN_POINT('',(-1.507977643292,-3.826213679033));
#876 = CARTESIAN_POINT('',(-1.539326825357,-3.837722339832));
#877 = CARTESIAN_POINT('',(-1.590952817517,-3.837722339832));
#878 = CARTESIAN_POINT('',(-1.611093765521,-3.833000772566));
#879 = CARTESIAN_POINT('',(-1.631210607067,-3.823570685555));
#880 = CARTESIAN_POINT('',(-1.651293488626,-3.809528388478));
#881 = CARTESIAN_POINT('',(-1.671328721948,-3.791054843659));
#882 = CARTESIAN_POINT('',(-1.691295920971,-3.768414142545));
#883 = CARTESIAN_POINT('',(-1.722303843447,-3.727112057821));
#884 = CARTESIAN_POINT('',(-1.733416798688,-3.711066617502));
#885 = CARTESIAN_POINT('',(-1.744504955604,-3.693862408024));
#886 = CARTESIAN_POINT('',(-1.75556900515,-3.675552142688));
#887 = CARTESIAN_POINT('',(-1.766609044996,-3.656191349345));
#888 = CARTESIAN_POINT('',(-1.777624564596,-3.635838132465));
#889 = CARTESIAN_POINT('',(-1.83089976026,-3.532654609996));
#890 = CARTESIAN_POINT('',(-1.87275531624,-3.437055553903));
#891 = CARTESIAN_POINT('',(-1.914358004527,-3.330791573803));
#892 = CARTESIAN_POINT('',(-1.955839740882,-3.216699678478));
#893 = CARTESIAN_POINT('',(-1.997329230185,-3.097168328291));
#894 = CARTESIAN_POINT('',(-2.038975852465,-2.974155091208));
#895 = CARTESIAN_POINT('',(-2.143687044262,-2.662962955179));
#896 = CARTESIAN_POINT('',(-2.206811872401,-2.473675650971));
#897 = CARTESIAN_POINT('',(-2.271346111348,-2.286057832297));
#898 = CARTESIAN_POINT('',(-2.338021408984,-2.10437393005));
#899 = CARTESIAN_POINT('',(-2.40744262069,-1.934947541894));
#900 = CARTESIAN_POINT('',(-2.480125499926,-1.786578454802));
#901 = CARTESIAN_POINT('',(-2.586196513906,-1.627887473665));
#902 = CARTESIAN_POINT('',(-2.616524149153,-1.588498252633));
#903 = CARTESIAN_POINT('',(-2.647451315975,-1.555060868611));
#904 = CARTESIAN_POINT('',(-2.678937354723,-1.528522326971));
#905 = CARTESIAN_POINT('',(-2.710945267897,-1.509842700912));
#906 = CARTESIAN_POINT('',(-2.743439854799,-1.5));
#907 = CARTESIAN_POINT('',(-2.776385432299,-1.5));
#908 = ( GEOMETRIC_REPRESENTATION_CONTEXT(2) 
PARAMETRIC_REPRESENTATION_CONTEXT() REPRESENTATION_CONTEXT('2D SPACE',''
  ) );
#909 = ADVANCED_FACE('',(#910),#161,.F.);
#910 = FACE_BOUND('',#911,.T.);
#911 = EDGE_LOOP('',(#912,#913,#936,#964,#1047,#1076,#1159,#1185,#1186,
    #1187));
#912 = ORIENTED_EDGE('',*,*,#140,.T.);
#913 = ORIENTED_EDGE('',*,*,#914,.T.);
#914 = EDGE_CURVE('',#141,#915,#917,.T.);
#915 = VERTEX_POINT('',#916);
#916 = CARTESIAN_POINT('',(4.8,97.,127.5));
#917 = SEAM_CURVE('',#918,(#922,#929),.PCURVE_S1.);
#918 = LINE('',#919,#920);
#919 = CARTESIAN_POINT('',(3.,97.,127.5));
#920 = VECTOR('',#921,1.);
#921 = DIRECTION('',(1.,0.,0.));
#922 = PCURVE('',#161,#923);
#923 = DEFINITIONAL_REPRESENTATION('',(#924),#928);
#924 = LINE('',#925,#926);
#925 = CARTESIAN_POINT('',(-6.28318530718,0.));
#926 = VECTOR('',#927,1.);
#927 = DIRECTION('',(-0.,-1.));
#928 = ( GEOMETRIC_REPRESENTATION_CONTEXT(2) 
PARAMETRIC_REPRESENTATION_CONTEXT() REPRESENTATION_CONTEXT('2D SPACE',''
  ) );
#929 = PCURVE('',#161,#930);
#930 = DEFINITIONAL_REPRESENTATION('',(#931),#935);
#931 = LINE('',#932,#933);
#932 = CARTESIAN_POINT('',(-0.,0.));
#933 = VECTOR('',#934,1.);
#934 = DIRECTION('',(-0.,-1.));
#935 = ( GEOMETRIC_REPRESENTATION_CONTEXT(2) 
PARAMETRIC_REPRESENTATION_CONTEXT() REPRESENTATION_CONTEXT('2D SPACE',''
  ) );
#936 = ORIENTED_EDGE('',*,*,#937,.F.);
#937 = EDGE_CURVE('',#938,#915,#940,.T.);
#938 = VERTEX_POINT('',#939);
#939 = CARTESIAN_POINT('',(4.8,96.538348415311,130.));
#940 = SURFACE_CURVE('',#941,(#946,#953),.PCURVE_S1.);
#941 = CIRCLE('',#942,7.);
#942 = AXIS2_PLACEMENT_3D('',#943,#944,#945);
#943 = CARTESIAN_POINT('',(4.8,90.,127.5));
#944 = DIRECTION('',(-1.,0.,0.));
#945 = DIRECTION('',(0.,1.,0.));
#946 = PCURVE('',#161,#947);
#947 = DEFINITIONAL_REPRESENTATION('',(#948),#952);
#948 = LINE('',#949,#950);
#949 = CARTESIAN_POINT('',(-6.28318530718,-1.8));
#950 = VECTOR('',#951,1.);
#951 = DIRECTION('',(1.,-0.));
#952 = ( GEOMETRIC_REPRESENTATION_CONTEXT(2) 
PARAMETRIC_REPRESENTATION_CONTEXT() REPRESENTATION_CONTEXT('2D SPACE',''
  ) );
#953 = PCURVE('',#505,#954);
#954 = DEFINITIONAL_REPRESENTATION('',(#955),#963);
#955 = ( BOUNDED_CURVE() B_SPLINE_CURVE(2,(#956,#957,#958,#959,#960,#961
,#962),.UNSPECIFIED.,.T.,.F.) B_SPLINE_CURVE_WITH_KNOTS((1,2,2,2,2,1),(
    -2.094395102393,0.,2.094395102393,4.188790204786,6.28318530718,
8.377580409573),.UNSPECIFIED.) CURVE() GEOMETRIC_REPRESENTATION_ITEM() 
RATIONAL_B_SPLINE_CURVE((1.,0.5,1.,0.5,1.,0.5,1.)) REPRESENTATION_ITEM(
  '') );
#956 = CARTESIAN_POINT('',(122.7,-98.));
#957 = CARTESIAN_POINT('',(110.57564434701,-98.));
#958 = CARTESIAN_POINT('',(116.6378221735,-87.5));
#959 = CARTESIAN_POINT('',(122.7,-77.));
#960 = CARTESIAN_POINT('',(128.76217782649,-87.5));
#961 = CARTESIAN_POINT('',(134.82435565298,-98.));
#962 = CARTESIAN_POINT('',(122.7,-98.));
#963 = ( GEOMETRIC_REPRESENTATION_CONTEXT(2) 
PARAMETRIC_REPRESENTATION_CONTEXT() REPRESENTATION_CONTEXT('2D SPACE',''
  ) );
#964 = ORIENTED_EDGE('',*,*,#965,.T.);
#965 = EDGE_CURVE('',#938,#966,#968,.T.);
#966 = VERTEX_POINT('',#967);
#967 = CARTESIAN_POINT('',(7.,91.86366290364,134.24735211631));
#968 = SURFACE_CURVE('',#969,(#993,#1020),.PCURVE_S1.);
#969 = B_SPLINE_CURVE_WITH_KNOTS('',8,(#970,#971,#972,#973,#974,#975,
    #976,#977,#978,#979,#980,#981,#982,#983,#984,#985,#986,#987,#988,
    #989,#990,#991,#992),.UNSPECIFIED.,.F.,.F.,(9,7,7,9),(0.,
    0.204980679796,0.735729010123,1.),.UNSPECIFIED.);
#970 = CARTESIAN_POINT('',(4.8,96.538348415311,130.));
#971 = CARTESIAN_POINT('',(4.8,96.463727201512,130.19515979799));
#972 = CARTESIAN_POINT('',(4.808370830702,96.383384432236,
    130.38532640597));
#973 = CARTESIAN_POINT('',(4.824362972659,96.297780176727,
    130.57017315454));
#974 = CARTESIAN_POINT('',(4.84725052714,96.207401355439,130.74942365352
    ));
#975 = CARTESIAN_POINT('',(4.876325641909,96.112757453462,130.922845756)
  );
#976 = CARTESIAN_POINT('',(4.91089457428,96.014377854936,131.09024671961
    ));
#977 = CARTESIAN_POINT('',(4.950275391473,95.91281079845,131.25146956502
    ));
#978 = CARTESIAN_POINT('',(5.106486878231,95.538857094882,
    131.80752159483));
#979 = CARTESIAN_POINT('',(5.247830822807,95.249391108692,
    132.16957800434));
#980 = CARTESIAN_POINT('',(5.40847399391,94.94596230721,132.49464283745)
  );
#981 = CARTESIAN_POINT('',(5.581644455657,94.632623292408,
    132.78570168349));
#982 = CARTESIAN_POINT('',(5.762393525763,94.311770669643,
    133.04599280392));
#983 = CARTESIAN_POINT('',(5.947102278568,93.984163834643,
    133.27866705224));
#984 = CARTESIAN_POINT('',(6.133179424135,93.648982436488,133.4865437189
    ));
#985 = CARTESIAN_POINT('',(6.409564178048,93.131093998227,
    133.76373499085));
#986 = CARTESIAN_POINT('',(6.500655599589,92.957063469533,133.8498221113
    ));
#987 = CARTESIAN_POINT('',(6.59055112165,92.780928480172,133.93012626456
    ));
#988 = CARTESIAN_POINT('',(6.678746097754,92.602514377154,
    134.00479249963));
#989 = CARTESIAN_POINT('',(6.764617899361,92.42168359544,134.07387804231
    ));
#990 = CARTESIAN_POINT('',(6.84740826556,92.238324994302,134.13737769081
    ));
#991 = CARTESIAN_POINT('',(6.926216083561,92.052345116365,
    134.19523689796));
#992 = CARTESIAN_POINT('',(7.0000006,91.863661369304,134.24735254011));
#993 = PCURVE('',#161,#994);
#994 = DEFINITIONAL_REPRESENTATION('',(#995),#1019);
#995 = B_SPLINE_CURVE_WITH_KNOTS('',8,(#996,#997,#998,#999,#1000,#1001,
    #1002,#1003,#1004,#1005,#1006,#1007,#1008,#1009,#1010,#1011,#1012,
    #1013,#1014,#1015,#1016,#1017,#1018),.UNSPECIFIED.,.F.,.F.,(9,7,7,9)
  ,(0.,0.204980679796,0.735729010123,1.),.UNSPECIFIED.);
#996 = CARTESIAN_POINT('',(-0.36520722129,-1.8));
#997 = CARTESIAN_POINT('',(-0.39505570681,-1.8));
#998 = CARTESIAN_POINT('',(-0.424529835377,-1.808370830702));
#999 = CARTESIAN_POINT('',(-0.453603082572,-1.824362972659));
#1000 = CARTESIAN_POINT('',(-0.482249951919,-1.84725052714));
#1001 = CARTESIAN_POINT('',(-0.510444838874,-1.876325641909));
#1002 = CARTESIAN_POINT('',(-0.538161070074,-1.91089457428));
#1003 = CARTESIAN_POINT('',(-0.565370117848,-1.950275391473));
#1004 = CARTESIAN_POINT('',(-0.661098819563,-2.106486878231));
#1005 = CARTESIAN_POINT('',(-0.727095098847,-2.247830822807));
#1006 = CARTESIAN_POINT('',(-0.79032114028,-2.408473993911));
#1007 = CARTESIAN_POINT('',(-0.851123241772,-2.581644455655));
#1008 = CARTESIAN_POINT('',(-0.909894335959,-2.762393525764));
#1009 = CARTESIAN_POINT('',(-0.96710986032,-2.947102278568));
#1010 = CARTESIAN_POINT('',(-1.023339890087,-3.133179424135));
#1011 = CARTESIAN_POINT('',(-1.107254744374,-3.409564178048));
#1012 = CARTESIAN_POINT('',(-1.134977467686,-3.500655599589));
#1013 = CARTESIAN_POINT('',(-1.162608410291,-3.59055112165));
#1014 = CARTESIAN_POINT('',(-1.19021086357,-3.678746097754));
#1015 = CARTESIAN_POINT('',(-1.217837499044,-3.764617899361));
#1016 = CARTESIAN_POINT('',(-1.245534585346,-3.84740826556));
#1017 = CARTESIAN_POINT('',(-1.273344846617,-3.926216083561));
#1018 = CARTESIAN_POINT('',(-1.301308962311,-4.0000006));
#1019 = ( GEOMETRIC_REPRESENTATION_CONTEXT(2) 
PARAMETRIC_REPRESENTATION_CONTEXT() REPRESENTATION_CONTEXT('2D SPACE',''
  ) );
#1020 = PCURVE('',#478,#1021);
#1021 = DEFINITIONAL_REPRESENTATION('',(#1022),#1046);
#1022 = B_SPLINE_CURVE_WITH_KNOTS('',8,(#1023,#1024,#1025,#1026,#1027,
    #1028,#1029,#1030,#1031,#1032,#1033,#1034,#1035,#1036,#1037,#1038,
    #1039,#1040,#1041,#1042,#1043,#1044,#1045),.UNSPECIFIED.,.F.,.F.,(9,
    7,7,9),(0.,0.204980679796,0.735729010123,1.),.UNSPECIFIED.);
#1023 = CARTESIAN_POINT('',(0.,97.538348415311));
#1024 = CARTESIAN_POINT('',(3.75307303837E-02,97.463727201512));
#1025 = CARTESIAN_POINT('',(7.410124493738E-02,97.383384432236));
#1026 = CARTESIAN_POINT('',(0.109729219326,97.297780176727));
#1027 = CARTESIAN_POINT('',(0.144424841507,97.207401355439));
#1028 = CARTESIAN_POINT('',(0.17819171056,97.112757453462));
#1029 = CARTESIAN_POINT('',(0.211027546283,97.014377854936));
#1030 = CARTESIAN_POINT('',(0.242924709546,96.91281079845));
#1031 = CARTESIAN_POINT('',(0.353997325668,96.538857094882));
#1032 = CARTESIAN_POINT('',(0.428380200704,96.249391108692));
#1033 = CARTESIAN_POINT('',(0.497701998252,95.94596230721));
#1034 = CARTESIAN_POINT('',(0.562475836256,95.632623292408));
#1035 = CARTESIAN_POINT('',(0.623153046589,95.311770669643));
#1036 = CARTESIAN_POINT('',(0.680112326258,94.984163834643));
#1037 = CARTESIAN_POINT('',(0.733687274107,94.648982436488));
#1038 = CARTESIAN_POINT('',(0.808963769729,94.131093998227));
#1039 = CARTESIAN_POINT('',(0.833055902519,93.957063469533));
#1040 = CARTESIAN_POINT('',(0.856221840667,93.780928480172));
#1041 = CARTESIAN_POINT('',(0.878429579376,93.602514377154));
#1042 = CARTESIAN_POINT('',(0.89961238803,93.42168359544));
#1043 = CARTESIAN_POINT('',(0.919669781185,93.238324994302));
#1044 = CARTESIAN_POINT('',(0.938467980015,93.052345116365));
#1045 = CARTESIAN_POINT('',(0.955839864205,92.863661369304));
#1046 = ( GEOMETRIC_REPRESENTATION_CONTEXT(2) 
PARAMETRIC_REPRESENTATION_CONTEXT() REPRESENTATION_CONTEXT('2D SPACE',''
  ) );
#1047 = ORIENTED_EDGE('',*,*,#1048,.T.);
#1048 = EDGE_CURVE('',#966,#1049,#1051,.T.);
#1049 = VERTEX_POINT('',#1050);
#1050 = CARTESIAN_POINT('',(7.,88.13633709636,134.24735211631));
#1051 = SURFACE_CURVE('',#1052,(#1057,#1064),.PCURVE_S1.);
#1052 = CIRCLE('',#1053,7.);
#1053 = AXIS2_PLACEMENT_3D('',#1054,#1055,#1056);
#1054 = CARTESIAN_POINT('',(7.,90.,127.5));
#1055 = DIRECTION('',(1.,0.,0.));
#1056 = DIRECTION('',(0.,1.,0.));
#1057 = PCURVE('',#161,#1058);
#1058 = DEFINITIONAL_REPRESENTATION('',(#1059),#1063);
#1059 = LINE('',#1060,#1061);
#1060 = CARTESIAN_POINT('',(-0.,-4.));
#1061 = VECTOR('',#1062,1.);
#1062 = DIRECTION('',(-1.,0.));
#1063 = ( GEOMETRIC_REPRESENTATION_CONTEXT(2) 
PARAMETRIC_REPRESENTATION_CONTEXT() REPRESENTATION_CONTEXT('2D SPACE',''
  ) );
#1064 = PCURVE('',#1065,#1070);
#1065 = PLANE('',#1066);
#1066 = AXIS2_PLACEMENT_3D('',#1067,#1068,#1069);
#1067 = CARTESIAN_POINT('',(7.,90.,127.5));
#1068 = DIRECTION('',(1.,0.,0.));
#1069 = DIRECTION('',(-0.,0.,1.));
#1070 = DEFINITIONAL_REPRESENTATION('',(#1071),#1075);
#1071 = CIRCLE('',#1072,7.);
#1072 = AXIS2_PLACEMENT_2D('',#1073,#1074);
#1073 = CARTESIAN_POINT('',(-1.42108547152E-14,-1.42108547152E-14));
#1074 = DIRECTION('',(0.,-1.));
#1075 = ( GEOMETRIC_REPRESENTATION_CONTEXT(2) 
PARAMETRIC_REPRESENTATION_CONTEXT() REPRESENTATION_CONTEXT('2D SPACE',''
  ) );
#1076 = ORIENTED_EDGE('',*,*,#1077,.T.);
#1077 = EDGE_CURVE('',#1049,#1078,#1080,.T.);
#1078 = VERTEX_POINT('',#1079);
#1079 = CARTESIAN_POINT('',(4.8,83.461651584689,130.));
#1080 = SURFACE_CURVE('',#1081,(#1105,#1132),.PCURVE_S1.);
#1081 = B_SPLINE_CURVE_WITH_KNOTS('',8,(#1082,#1083,#1084,#1085,#1086,
    #1087,#1088,#1089,#1090,#1091,#1092,#1093,#1094,#1095,#1096,#1097,
    #1098,#1099,#1100,#1101,#1102,#1103,#1104),.UNSPECIFIED.,.F.,.F.,(9,
    7,7,9),(0.,0.265449417674,0.79564254491,1.),.UNSPECIFIED.);
#1082 = CARTESIAN_POINT('',(7.0000006,88.136338630696,134.24735254011));
#1083 = CARTESIAN_POINT('',(6.925889329782,87.946819300098,
    134.19500610451));
#1084 = CARTESIAN_POINT('',(6.846709760408,87.760026826449,
    134.13686483638));
#1085 = CARTESIAN_POINT('',(6.763516594162,87.575877852499,
    134.07303322142));
#1086 = CARTESIAN_POINT('',(6.677222400059,87.394277933636,
    134.00356632769));
#1087 = CARTESIAN_POINT('',(6.588594458723,87.215114678592,
    133.92846907178));
#1088 = CARTESIAN_POINT('',(6.49826225932,87.038248923434,
    133.84768288951));
#1089 = CARTESIAN_POINT('',(6.406735648522,86.863503938841,
    133.7610598113));
#1090 = CARTESIAN_POINT('',(6.13007498624,86.345409666439,
    133.48309874556));
#1091 = CARTESIAN_POINT('',(5.944205576224,86.010686934919,
    133.27507770795));
#1092 = CARTESIAN_POINT('',(5.759740997516,85.683521675658,
    133.04228521671));
#1093 = CARTESIAN_POINT('',(5.579267871533,85.363104173498,
    132.78190396536));
#1094 = CARTESIAN_POINT('',(5.406401143601,85.050201043862,
    132.49078797834));
#1095 = CARTESIAN_POINT('',(5.246085506524,84.747211589985,
    132.16570625964));
#1096 = CARTESIAN_POINT('',(5.105085694907,84.458186700034,
    131.80368205904));
#1097 = CARTESIAN_POINT('',(4.949444710402,84.085044612937,
    131.24806265526));
#1098 = CARTESIAN_POINT('',(4.91027002309,83.983842919315,
    131.08721735069));
#1099 = CARTESIAN_POINT('',(4.875887417817,83.885815056657,
    130.92022926203));
#1100 = CARTESIAN_POINT('',(4.846973804059,83.79150590969,
    130.74725644289));
#1101 = CARTESIAN_POINT('',(4.824217351957,83.701441214206,
    130.56849232201));
#1102 = CARTESIAN_POINT('',(4.808319738064,83.616126545022,
    130.38416925939));
#1103 = CARTESIAN_POINT('',(4.8,83.53604471494,130.19456328211));
#1104 = CARTESIAN_POINT('',(4.8,83.461651584689,130.));
#1105 = PCURVE('',#161,#1106);
#1106 = DEFINITIONAL_REPRESENTATION('',(#1107),#1131);
#1107 = B_SPLINE_CURVE_WITH_KNOTS('',8,(#1108,#1109,#1110,#1111,#1112,
    #1113,#1114,#1115,#1116,#1117,#1118,#1119,#1120,#1121,#1122,#1123,
    #1124,#1125,#1126,#1127,#1128,#1129,#1130),.UNSPECIFIED.,.F.,.F.,(9,
    7,7,9),(0.,0.265449417674,0.79564254491,1.),.UNSPECIFIED.);
#1108 = CARTESIAN_POINT('',(-1.840283691279,-4.0000006));
#1109 = CARTESIAN_POINT('',(-1.868371645698,-3.925889329782));
#1110 = CARTESIAN_POINT('',(-1.896304530756,-3.846709760408));
#1111 = CARTESIAN_POINT('',(-1.92412352143,-3.763516594162));
#1112 = CARTESIAN_POINT('',(-1.951871880832,-3.677222400059));
#1113 = CARTESIAN_POINT('',(-1.979596472638,-3.588594458723));
#1114 = CARTESIAN_POINT('',(-2.007350665962,-3.49826225932));
#1115 = CARTESIAN_POINT('',(-2.035198632664,-3.406735648522));
#1116 = CARTESIAN_POINT('',(-2.11919134726,-3.13007498624));
#1117 = CARTESIAN_POINT('',(-2.175376908678,-2.944205576224));
#1118 = CARTESIAN_POINT('',(-2.232551221951,-2.759740997516));
#1119 = CARTESIAN_POINT('',(-2.291282684865,-2.579267871533));
#1120 = CARTESIAN_POINT('',(-2.352045287751,-2.406401143601));
#1121 = CARTESIAN_POINT('',(-2.41523085081,-2.246085506524));
#1122 = CARTESIAN_POINT('',(-2.481184646456,-2.105085694907));
#1123 = CARTESIAN_POINT('',(-2.576797379258,-1.949444710402));
#1124 = CARTESIAN_POINT('',(-2.603933072221,-1.91027002309));
#1125 = CARTESIAN_POINT('',(-2.631573175815,-1.875887417817));
#1126 = CARTESIAN_POINT('',(-2.659689057139,-1.846973804059));
#1127 = CARTESIAN_POINT('',(-2.6882539496,-1.824217351957));
#1128 = CARTESIAN_POINT('',(-2.717242172909,-1.808319738064));
#1129 = CARTESIAN_POINT('',(-2.746628180199,-1.8));
#1130 = CARTESIAN_POINT('',(-2.776385432299,-1.8));
#1131 = ( GEOMETRIC_REPRESENTATION_CONTEXT(2) 
PARAMETRIC_REPRESENTATION_CONTEXT() REPRESENTATION_CONTEXT('2D SPACE',''
  ) );
#1132 = PCURVE('',#478,#1133);
#1133 = DEFINITIONAL_REPRESENTATION('',(#1134),#1158);
#1134 = B_SPLINE_CURVE_WITH_KNOTS('',8,(#1135,#1136,#1137,#1138,#1139,
    #1140,#1141,#1142,#1143,#1144,#1145,#1146,#1147,#1148,#1149,#1150,
    #1151,#1152,#1153,#1154,#1155,#1156,#1157),.UNSPECIFIED.,.F.,.F.,(9,
    7,7,9),(0.,0.265449417674,0.79564254491,1.),.UNSPECIFIED.);
#1135 = CARTESIAN_POINT('',(0.955839864205,89.136338630696));
#1136 = CARTESIAN_POINT('',(0.93839104885,88.946819300098));
#1137 = CARTESIAN_POINT('',(0.919503161609,88.760026826449));
#1138 = CARTESIAN_POINT('',(0.899345563866,88.575877852499));
#1139 = CARTESIAN_POINT('',(0.878053677291,88.394277933636));
#1140 = CARTESIAN_POINT('',(0.855729065382,88.215114678592));
#1141 = CARTESIAN_POINT('',(0.832438984577,88.038248923434));
#1142 = CARTESIAN_POINT('',(0.80821540493,87.863503938841));
#1143 = CARTESIAN_POINT('',(0.732796585149,87.345409666439));
#1144 = CARTESIAN_POINT('',(0.679227600189,87.010686934919));
#1145 = CARTESIAN_POINT('',(0.622279601459,86.683521675658));
#1146 = CARTESIAN_POINT('',(0.561618212065,86.363104173498));
#1147 = CARTESIAN_POINT('',(0.496864442509,86.050201043862));
#1148 = CARTESIAN_POINT('',(0.427567158812,85.747211589985));
#1149 = CARTESIAN_POINT('',(0.353213616356,85.458186700034));
#1150 = CARTESIAN_POINT('',(0.242250738429,85.085044612937));
#1151 = CARTESIAN_POINT('',(0.210433369723,84.983842919315));
#1152 = CARTESIAN_POINT('',(0.177682264251,84.885815056657));
#1153 = CARTESIAN_POINT('',(0.144005354003,84.79150590969));
#1154 = CARTESIAN_POINT('',(0.10940524644,84.701441214206));
#1155 = CARTESIAN_POINT('',(7.387871645019E-02,84.616126545022));
#1156 = CARTESIAN_POINT('',(3.74160157913E-02,84.53604471494));
#1157 = CARTESIAN_POINT('',(0.,84.461651584689));
#1158 = ( GEOMETRIC_REPRESENTATION_CONTEXT(2) 
PARAMETRIC_REPRESENTATION_CONTEXT() REPRESENTATION_CONTEXT('2D SPACE',''
  ) );
#1159 = ORIENTED_EDGE('',*,*,#1160,.F.);
#1160 = EDGE_CURVE('',#915,#1078,#1161,.T.);
#1161 = SURFACE_CURVE('',#1162,(#1167,#1174),.PCURVE_S1.);
#1162 = CIRCLE('',#1163,7.);
#1163 = AXIS2_PLACEMENT_3D('',#1164,#1165,#1166);
#1164 = CARTESIAN_POINT('',(4.8,90.,127.5));
#1165 = DIRECTION('',(-1.,0.,0.));
#1166 = DIRECTION('',(0.,1.,0.));
#1167 = PCURVE('',#161,#1168);
#1168 = DEFINITIONAL_REPRESENTATION('',(#1169),#1173);
#1169 = LINE('',#1170,#1171);
#1170 = CARTESIAN_POINT('',(-6.28318530718,-1.8));
#1171 = VECTOR('',#1172,1.);
#1172 = DIRECTION('',(1.,-0.));
#1173 = ( GEOMETRIC_REPRESENTATION_CONTEXT(2) 
PARAMETRIC_REPRESENTATION_CONTEXT() REPRESENTATION_CONTEXT('2D SPACE',''
  ) );
#1174 = PCURVE('',#505,#1175);
#1175 = DEFINITIONAL_REPRESENTATION('',(#1176),#1184);
#1176 = ( BOUNDED_CURVE() B_SPLINE_CURVE(2,(#1177,#1178,#1179,#1180,
#1181,#1182,#1183),.UNSPECIFIED.,.T.,.F.) B_SPLINE_CURVE_WITH_KNOTS((1,2
    ,2,2,2,1),(-2.094395102393,0.,2.094395102393,4.188790204786,
6.28318530718,8.377580409573),.UNSPECIFIED.) CURVE() 
GEOMETRIC_REPRESENTATION_ITEM() RATIONAL_B_SPLINE_CURVE((1.,0.5,1.,0.5,
1.,0.5,1.)) REPRESENTATION_ITEM('') );
#1177 = CARTESIAN_POINT('',(122.7,-98.));
#1178 = CARTESIAN_POINT('',(110.57564434701,-98.));
#1179 = CARTESIAN_POINT('',(116.6378221735,-87.5));
#1180 = CARTESIAN_POINT('',(122.7,-77.));
#1181 = CARTESIAN_POINT('',(128.76217782649,-87.5));
#1182 = CARTESIAN_POINT('',(134.82435565298,-98.));
#1183 = CARTESIAN_POINT('',(122.7,-98.));
#1184 = ( GEOMETRIC_REPRESENTATION_CONTEXT(2) 
PARAMETRIC_REPRESENTATION_CONTEXT() REPRESENTATION_CONTEXT('2D SPACE',''
  ) );
#1185 = ORIENTED_EDGE('',*,*,#914,.F.);
#1186 = ORIENTED_EDGE('',*,*,#173,.T.);
#1187 = ORIENTED_EDGE('',*,*,#730,.F.);
#1188 = ADVANCED_FACE('',(#1189,#1340),#100,.T.);
#1189 = FACE_BOUND('',#1190,.T.);
#1190 = EDGE_LOOP('',(#1191,#1216,#1242,#1243,#1244,#1267,#1295,#1318));
#1191 = ORIENTED_EDGE('',*,*,#1192,.F.);
#1192 = EDGE_CURVE('',#1193,#1195,#1197,.T.);
#1193 = VERTEX_POINT('',#1194);
#1194 = CARTESIAN_POINT('',(10.,110.,4.5));
#1195 = VERTEX_POINT('',#1196);
#1196 = CARTESIAN_POINT('',(110.,110.,4.5));
#1197 = SURFACE_CURVE('',#1198,(#1202,#1209),.PCURVE_S1.);
#1198 = LINE('',#1199,#1200);
#1199 = CARTESIAN_POINT('',(4.5,110.,4.5));
#1200 = VECTOR('',#1201,1.);
#1201 = DIRECTION('',(1.,0.,0.));
#1202 = PCURVE('',#100,#1203);
#1203 = DEFINITIONAL_REPRESENTATION('',(#1204),#1208);
#1204 = LINE('',#1205,#1206);
#1205 = CARTESIAN_POINT('',(0.,0.));
#1206 = VECTOR('',#1207,1.);
#1207 = DIRECTION('',(0.,1.));
#1208 = ( GEOMETRIC_REPRESENTATION_CONTEXT(2) 
PARAMETRIC_REPRESENTATION_CONTEXT() REPRESENTATION_CONTEXT('2D SPACE',''
  ) );
#1209 = PCURVE('',#278,#1210);
#1210 = DEFINITIONAL_REPRESENTATION('',(#1211),#1215);
#1211 = LINE('',#1212,#1213);
#1212 = CARTESIAN_POINT('',(0.,110.));
#1213 = VECTOR('',#1214,1.);
#1214 = DIRECTION('',(1.,0.));
#1215 = ( GEOMETRIC_REPRESENTATION_CONTEXT(2) 
PARAMETRIC_REPRESENTATION_CONTEXT() REPRESENTATION_CONTEXT('2D SPACE',''
  ) );
#1216 = ORIENTED_EDGE('',*,*,#1217,.F.);
#1217 = EDGE_CURVE('',#57,#1193,#1218,.T.);
#1218 = SURFACE_CURVE('',#1219,(#1224,#1235),.PCURVE_S1.);
#1219 = CIRCLE('',#1220,5.5);
#1220 = AXIS2_PLACEMENT_3D('',#1221,#1222,#1223);
#1221 = CARTESIAN_POINT('',(10.,110.,10.));
#1222 = DIRECTION('',(-0.,-1.,0.));
#1223 = DIRECTION('',(0.,-0.,1.));
#1224 = PCURVE('',#100,#1225);
#1225 = DEFINITIONAL_REPRESENTATION('',(#1226),#1234);
#1226 = ( BOUNDED_CURVE() B_SPLINE_CURVE(2,(#1227,#1228,#1229,#1230,
#1231,#1232,#1233),.UNSPECIFIED.,.T.,.F.) B_SPLINE_CURVE_WITH_KNOTS((1,2
    ,2,2,2,1),(-2.094395102393,0.,2.094395102393,4.188790204786,
6.28318530718,8.377580409573),.UNSPECIFIED.) CURVE() 
GEOMETRIC_REPRESENTATION_ITEM() RATIONAL_B_SPLINE_CURVE((1.,0.5,1.,0.5,
1.,0.5,1.)) REPRESENTATION_ITEM('') );
#1227 = CARTESIAN_POINT('',(11.,5.5));
#1228 = CARTESIAN_POINT('',(11.,-4.026279441629));
#1229 = CARTESIAN_POINT('',(2.75,0.736860279186));
#1230 = CARTESIAN_POINT('',(-5.5,5.5));
#1231 = CARTESIAN_POINT('',(2.75,10.263139720814));
#1232 = CARTESIAN_POINT('',(11.,15.026279441629));
#1233 = CARTESIAN_POINT('',(11.,5.5));
#1234 = ( GEOMETRIC_REPRESENTATION_CONTEXT(2) 
PARAMETRIC_REPRESENTATION_CONTEXT() REPRESENTATION_CONTEXT('2D SPACE',''
  ) );
#1235 = PCURVE('',#72,#1236);
#1236 = DEFINITIONAL_REPRESENTATION('',(#1237),#1241);
#1237 = LINE('',#1238,#1239);
#1238 = CARTESIAN_POINT('',(1.570796326795,110.));
#1239 = VECTOR('',#1240,1.);
#1240 = DIRECTION('',(-1.,0.));
#1241 = ( GEOMETRIC_REPRESENTATION_CONTEXT(2) 
PARAMETRIC_REPRESENTATION_CONTEXT() REPRESENTATION_CONTEXT('2D SPACE',''
  ) );
#1242 = ORIENTED_EDGE('',*,*,#84,.T.);
#1243 = ORIENTED_EDGE('',*,*,#707,.T.);
#1244 = ORIENTED_EDGE('',*,*,#1245,.T.);
#1245 = EDGE_CURVE('',#685,#1246,#1248,.T.);
#1246 = VERTEX_POINT('',#1247);
#1247 = CARTESIAN_POINT('',(110.,110.,135.5));
#1248 = SURFACE_CURVE('',#1249,(#1253,#1260),.PCURVE_S1.);
#1249 = LINE('',#1250,#1251);
#1250 = CARTESIAN_POINT('',(4.5,110.,135.5));
#1251 = VECTOR('',#1252,1.);
#1252 = DIRECTION('',(1.,0.,0.));
#1253 = PCURVE('',#100,#1254);
#1254 = DEFINITIONAL_REPRESENTATION('',(#1255),#1259);
#1255 = LINE('',#1256,#1257);
#1256 = CARTESIAN_POINT('',(131.,0.));
#1257 = VECTOR('',#1258,1.);
#1258 = DIRECTION('',(0.,1.));
#1259 = ( GEOMETRIC_REPRESENTATION_CONTEXT(2) 
PARAMETRIC_REPRESENTATION_CONTEXT() REPRESENTATION_CONTEXT('2D SPACE',''
  ) );
#1260 = PCURVE('',#357,#1261);
#1261 = DEFINITIONAL_REPRESENTATION('',(#1262),#1266);
#1262 = LINE('',#1263,#1264);
#1263 = CARTESIAN_POINT('',(0.,110.));
#1264 = VECTOR('',#1265,1.);
#1265 = DIRECTION('',(1.,0.));
#1266 = ( GEOMETRIC_REPRESENTATION_CONTEXT(2) 
PARAMETRIC_REPRESENTATION_CONTEXT() REPRESENTATION_CONTEXT('2D SPACE',''
  ) );
#1267 = ORIENTED_EDGE('',*,*,#1268,.F.);
#1268 = EDGE_CURVE('',#1269,#1246,#1271,.T.);
#1269 = VERTEX_POINT('',#1270);
#1270 = CARTESIAN_POINT('',(115.5,110.,130.));
#1271 = SURFACE_CURVE('',#1272,(#1277,#1288),.PCURVE_S1.);
#1272 = CIRCLE('',#1273,5.5);
#1273 = AXIS2_PLACEMENT_3D('',#1274,#1275,#1276);
#1274 = CARTESIAN_POINT('',(110.,110.,130.));
#1275 = DIRECTION('',(-0.,-1.,0.));
#1276 = DIRECTION('',(0.,-0.,1.));
#1277 = PCURVE('',#100,#1278);
#1278 = DEFINITIONAL_REPRESENTATION('',(#1279),#1287);
#1279 = ( BOUNDED_CURVE() B_SPLINE_CURVE(2,(#1280,#1281,#1282,#1283,
#1284,#1285,#1286),.UNSPECIFIED.,.T.,.F.) B_SPLINE_CURVE_WITH_KNOTS((1,2
    ,2,2,2,1),(-2.094395102393,0.,2.094395102393,4.188790204786,
6.28318530718,8.377580409573),.UNSPECIFIED.) CURVE() 
GEOMETRIC_REPRESENTATION_ITEM() RATIONAL_B_SPLINE_CURVE((1.,0.5,1.,0.5,
1.,0.5,1.)) REPRESENTATION_ITEM('') );
#1280 = CARTESIAN_POINT('',(131.,105.5));
#1281 = CARTESIAN_POINT('',(131.,95.973720558371));
#1282 = CARTESIAN_POINT('',(122.75,100.73686027918));
#1283 = CARTESIAN_POINT('',(114.5,105.5));
#1284 = CARTESIAN_POINT('',(122.75,110.26313972081));
#1285 = CARTESIAN_POINT('',(131.,115.02627944162));
#1286 = CARTESIAN_POINT('',(131.,105.5));
#1287 = ( GEOMETRIC_REPRESENTATION_CONTEXT(2) 
PARAMETRIC_REPRESENTATION_CONTEXT() REPRESENTATION_CONTEXT('2D SPACE',''
  ) );
#1288 = PCURVE('',#390,#1289);
#1289 = DEFINITIONAL_REPRESENTATION('',(#1290),#1294);
#1290 = LINE('',#1291,#1292);
#1291 = CARTESIAN_POINT('',(4.712388980385,110.));
#1292 = VECTOR('',#1293,1.);
#1293 = DIRECTION('',(-1.,0.));
#1294 = ( GEOMETRIC_REPRESENTATION_CONTEXT(2) 
PARAMETRIC_REPRESENTATION_CONTEXT() REPRESENTATION_CONTEXT('2D SPACE',''
  ) );
#1295 = ORIENTED_EDGE('',*,*,#1296,.F.);
#1296 = EDGE_CURVE('',#1297,#1269,#1299,.T.);
#1297 = VERTEX_POINT('',#1298);
#1298 = CARTESIAN_POINT('',(115.5,110.,10.));
#1299 = SURFACE_CURVE('',#1300,(#1304,#1311),.PCURVE_S1.);
#1300 = LINE('',#1301,#1302);
#1301 = CARTESIAN_POINT('',(115.5,110.,4.5));
#1302 = VECTOR('',#1303,1.);
#1303 = DIRECTION('',(0.,0.,1.));
#1304 = PCURVE('',#100,#1305);
#1305 = DEFINITIONAL_REPRESENTATION('',(#1306),#1310);
#1306 = LINE('',#1307,#1308);
#1307 = CARTESIAN_POINT('',(0.,111.));
#1308 = VECTOR('',#1309,1.);
#1309 = DIRECTION('',(1.,0.));
#1310 = ( GEOMETRIC_REPRESENTATION_CONTEXT(2) 
PARAMETRIC_REPRESENTATION_CONTEXT() REPRESENTATION_CONTEXT('2D SPACE',''
  ) );
#1311 = PCURVE('',#418,#1312);
#1312 = DEFINITIONAL_REPRESENTATION('',(#1313),#1317);
#1313 = LINE('',#1314,#1315);
#1314 = CARTESIAN_POINT('',(0.,-110.));
#1315 = VECTOR('',#1316,1.);
#1316 = DIRECTION('',(1.,0.));
#1317 = ( GEOMETRIC_REPRESENTATION_CONTEXT(2) 
PARAMETRIC_REPRESENTATION_CONTEXT() REPRESENTATION_CONTEXT('2D SPACE',''
  ) );
#1318 = ORIENTED_EDGE('',*,*,#1319,.T.);
#1319 = EDGE_CURVE('',#1297,#1195,#1320,.T.);
#1320 = SURFACE_CURVE('',#1321,(#1326,#1333),.PCURVE_S1.);
#1321 = CIRCLE('',#1322,5.5);
#1322 = AXIS2_PLACEMENT_3D('',#1323,#1324,#1325);
#1323 = CARTESIAN_POINT('',(110.,110.,10.));
#1324 = DIRECTION('',(0.,1.,0.));
#1325 = DIRECTION('',(0.,-0.,1.));
#1326 = PCURVE('',#100,#1327);
#1327 = DEFINITIONAL_REPRESENTATION('',(#1328),#1332);
#1328 = CIRCLE('',#1329,5.5);
#1329 = AXIS2_PLACEMENT_2D('',#1330,#1331);
#1330 = CARTESIAN_POINT('',(5.5,105.5));
#1331 = DIRECTION('',(1.,0.));
#1332 = ( GEOMETRIC_REPRESENTATION_CONTEXT(2) 
PARAMETRIC_REPRESENTATION_CONTEXT() REPRESENTATION_CONTEXT('2D SPACE',''
  ) );
#1333 = PCURVE('',#445,#1334);
#1334 = DEFINITIONAL_REPRESENTATION('',(#1335),#1339);
#1335 = LINE('',#1336,#1337);
#1336 = CARTESIAN_POINT('',(-1.570796326795,110.));
#1337 = VECTOR('',#1338,1.);
#1338 = DIRECTION('',(1.,0.));
#1339 = ( GEOMETRIC_REPRESENTATION_CONTEXT(2) 
PARAMETRIC_REPRESENTATION_CONTEXT() REPRESENTATION_CONTEXT('2D SPACE',''
  ) );
#1340 = FACE_BOUND('',#1341,.T.);
#1341 = EDGE_LOOP('',(#1342));
#1342 = ORIENTED_EDGE('',*,*,#1343,.T.);
#1343 = EDGE_CURVE('',#1344,#1344,#1346,.T.);
#1344 = VERTEX_POINT('',#1345);
#1345 = CARTESIAN_POINT('',(67.,110.,116.));
#1346 = SURFACE_CURVE('',#1347,(#1352,#1363),.PCURVE_S1.);
#1347 = CIRCLE('',#1348,7.);
#1348 = AXIS2_PLACEMENT_3D('',#1349,#1350,#1351);
#1349 = CARTESIAN_POINT('',(60.,110.,116.));
#1350 = DIRECTION('',(0.,-1.,0.));
#1351 = DIRECTION('',(1.,0.,0.));
#1352 = PCURVE('',#100,#1353);
#1353 = DEFINITIONAL_REPRESENTATION('',(#1354),#1362);
#1354 = ( BOUNDED_CURVE() B_SPLINE_CURVE(2,(#1355,#1356,#1357,#1358,
#1359,#1360,#1361),.UNSPECIFIED.,.T.,.F.) B_SPLINE_CURVE_WITH_KNOTS((1,2
    ,2,2,2,1),(-2.094395102393,0.,2.094395102393,4.188790204786,
6.28318530718,8.377580409573),.UNSPECIFIED.) CURVE() 
GEOMETRIC_REPRESENTATION_ITEM() RATIONAL_B_SPLINE_CURVE((1.,0.5,1.,0.5,
1.,0.5,1.)) REPRESENTATION_ITEM('') );
#1355 = CARTESIAN_POINT('',(111.5,62.5));
#1356 = CARTESIAN_POINT('',(123.62435565298,62.5));
#1357 = CARTESIAN_POINT('',(117.56217782649,52.));
#1358 = CARTESIAN_POINT('',(111.5,41.5));
#1359 = CARTESIAN_POINT('',(105.4378221735,52.));
#1360 = CARTESIAN_POINT('',(99.375644347018,62.5));
#1361 = CARTESIAN_POINT('',(111.5,62.5));
#1362 = ( GEOMETRIC_REPRESENTATION_CONTEXT(2) 
PARAMETRIC_REPRESENTATION_CONTEXT() REPRESENTATION_CONTEXT('2D SPACE',''
  ) );
#1363 = PCURVE('',#1364,#1369);
#1364 = CYLINDRICAL_SURFACE('',#1365,7.);
#1365 = AXIS2_PLACEMENT_3D('',#1366,#1367,#1368);
#1366 = CARTESIAN_POINT('',(60.,110.,116.));
#1367 = DIRECTION('',(-0.,1.,-0.));
#1368 = DIRECTION('',(1.,0.,0.));
#1369 = DEFINITIONAL_REPRESENTATION('',(#1370),#1374);
#1370 = LINE('',#1371,#1372);
#1371 = CARTESIAN_POINT('',(-0.,0.));
#1372 = VECTOR('',#1373,1.);
#1373 = DIRECTION('',(-1.,0.));
#1374 = ( GEOMETRIC_REPRESENTATION_CONTEXT(2) 
PARAMETRIC_REPRESENTATION_CONTEXT() REPRESENTATION_CONTEXT('2D SPACE',''
  ) );
#1375 = ADVANCED_FACE('',(#1376),#72,.T.);
#1376 = FACE_BOUND('',#1377,.F.);
#1377 = EDGE_LOOP('',(#1378,#1379,#1400,#1401));
#1378 = ORIENTED_EDGE('',*,*,#290,.T.);
#1379 = ORIENTED_EDGE('',*,*,#1380,.T.);
#1380 = EDGE_CURVE('',#261,#1193,#1381,.T.);
#1381 = SURFACE_CURVE('',#1382,(#1386,#1393),.PCURVE_S1.);
#1382 = LINE('',#1383,#1384);
#1383 = CARTESIAN_POINT('',(10.,0.,4.5));
#1384 = VECTOR('',#1385,1.);
#1385 = DIRECTION('',(0.,1.,0.));
#1386 = PCURVE('',#72,#1387);
#1387 = DEFINITIONAL_REPRESENTATION('',(#1388),#1392);
#1388 = LINE('',#1389,#1390);
#1389 = CARTESIAN_POINT('',(-1.570796326795,0.));
#1390 = VECTOR('',#1391,1.);
#1391 = DIRECTION('',(-0.,1.));
#1392 = ( GEOMETRIC_REPRESENTATION_CONTEXT(2) 
PARAMETRIC_REPRESENTATION_CONTEXT() REPRESENTATION_CONTEXT('2D SPACE',''
  ) );
#1393 = PCURVE('',#278,#1394);
#1394 = DEFINITIONAL_REPRESENTATION('',(#1395),#1399);
#1395 = LINE('',#1396,#1397);
#1396 = CARTESIAN_POINT('',(5.5,0.));
#1397 = VECTOR('',#1398,1.);
#1398 = DIRECTION('',(0.,1.));
#1399 = ( GEOMETRIC_REPRESENTATION_CONTEXT(2) 
PARAMETRIC_REPRESENTATION_CONTEXT() REPRESENTATION_CONTEXT('2D SPACE',''
  ) );
#1400 = ORIENTED_EDGE('',*,*,#1217,.F.);
#1401 = ORIENTED_EDGE('',*,*,#56,.F.);
#1402 = ADVANCED_FACE('',(#1403),#245,.F.);
#1403 = FACE_BOUND('',#1404,.T.);
#1404 = EDGE_LOOP('',(#1405,#1406,#1429,#1455));
#1405 = ORIENTED_EDGE('',*,*,#224,.T.);
#1406 = ORIENTED_EDGE('',*,*,#1407,.T.);
#1407 = EDGE_CURVE('',#225,#1408,#1410,.T.);
#1408 = VERTEX_POINT('',#1409);
#1409 = CARTESIAN_POINT('',(4.8,62.9,34.));
#1410 = SEAM_CURVE('',#1411,(#1415,#1422),.PCURVE_S1.);
#1411 = LINE('',#1412,#1413);
#1412 = CARTESIAN_POINT('',(3.,62.9,34.));
#1413 = VECTOR('',#1414,1.);
#1414 = DIRECTION('',(1.,0.,0.));
#1415 = PCURVE('',#245,#1416);
#1416 = DEFINITIONAL_REPRESENTATION('',(#1417),#1421);
#1417 = LINE('',#1418,#1419);
#1418 = CARTESIAN_POINT('',(-6.28318530718,0.));
#1419 = VECTOR('',#1420,1.);
#1420 = DIRECTION('',(-0.,-1.));
#1421 = ( GEOMETRIC_REPRESENTATION_CONTEXT(2) 
PARAMETRIC_REPRESENTATION_CONTEXT() REPRESENTATION_CONTEXT('2D SPACE',''
  ) );
#1422 = PCURVE('',#245,#1423);
#1423 = DEFINITIONAL_REPRESENTATION('',(#1424),#1428);
#1424 = LINE('',#1425,#1426);
#1425 = CARTESIAN_POINT('',(-0.,0.));
#1426 = VECTOR('',#1427,1.);
#1427 = DIRECTION('',(-0.,-1.));
#1428 = ( GEOMETRIC_REPRESENTATION_CONTEXT(2) 
PARAMETRIC_REPRESENTATION_CONTEXT() REPRESENTATION_CONTEXT('2D SPACE',''
  ) );
#1429 = ORIENTED_EDGE('',*,*,#1430,.F.);
#1430 = EDGE_CURVE('',#1408,#1408,#1431,.T.);
#1431 = SURFACE_CURVE('',#1432,(#1437,#1444),.PCURVE_S1.);
#1432 = CIRCLE('',#1433,2.9);
#1433 = AXIS2_PLACEMENT_3D('',#1434,#1435,#1436);
#1434 = CARTESIAN_POINT('',(4.8,60.,34.));
#1435 = DIRECTION('',(-1.,0.,0.));
#1436 = DIRECTION('',(0.,1.,0.));
#1437 = PCURVE('',#245,#1438);
#1438 = DEFINITIONAL_REPRESENTATION('',(#1439),#1443);
#1439 = LINE('',#1440,#1441);
#1440 = CARTESIAN_POINT('',(-6.28318530718,-1.8));
#1441 = VECTOR('',#1442,1.);
#1442 = DIRECTION('',(1.,-0.));
#1443 = ( GEOMETRIC_REPRESENTATION_CONTEXT(2) 
PARAMETRIC_REPRESENTATION_CONTEXT() REPRESENTATION_CONTEXT('2D SPACE',''
  ) );
#1444 = PCURVE('',#505,#1445);
#1445 = DEFINITIONAL_REPRESENTATION('',(#1446),#1454);
#1446 = ( BOUNDED_CURVE() B_SPLINE_CURVE(2,(#1447,#1448,#1449,#1450,
#1451,#1452,#1453),.UNSPECIFIED.,.T.,.F.) B_SPLINE_CURVE_WITH_KNOTS((1,2
    ,2,2,2,1),(-2.094395102393,0.,2.094395102393,4.188790204786,
6.28318530718,8.377580409573),.UNSPECIFIED.) CURVE() 
GEOMETRIC_REPRESENTATION_ITEM() RATIONAL_B_SPLINE_CURVE((1.,0.5,1.,0.5,
1.,0.5,1.)) REPRESENTATION_ITEM('') );
#1447 = CARTESIAN_POINT('',(29.2,-63.9));
#1448 = CARTESIAN_POINT('',(24.17705265805,-63.9));
#1449 = CARTESIAN_POINT('',(26.688526329025,-59.55));
#1450 = CARTESIAN_POINT('',(29.2,-55.2));
#1451 = CARTESIAN_POINT('',(31.711473670975,-59.55));
#1452 = CARTESIAN_POINT('',(34.22294734195,-63.9));
#1453 = CARTESIAN_POINT('',(29.2,-63.9));
#1454 = ( GEOMETRIC_REPRESENTATION_CONTEXT(2) 
PARAMETRIC_REPRESENTATION_CONTEXT() REPRESENTATION_CONTEXT('2D SPACE',''
  ) );
#1455 = ORIENTED_EDGE('',*,*,#1407,.F.);
#1456 = ADVANCED_FACE('',(#1457),#278,.F.);
#1457 = FACE_BOUND('',#1458,.F.);
#1458 = EDGE_LOOP('',(#1459,#1460,#1461,#1462));
#1459 = ORIENTED_EDGE('',*,*,#1192,.F.);
#1460 = ORIENTED_EDGE('',*,*,#1380,.F.);
#1461 = ORIENTED_EDGE('',*,*,#260,.T.);
#1462 = ORIENTED_EDGE('',*,*,#1463,.T.);
#1463 = EDGE_CURVE('',#263,#1195,#1464,.T.);
#1464 = SURFACE_CURVE('',#1465,(#1469,#1476),.PCURVE_S1.);
#1465 = LINE('',#1466,#1467);
#1466 = CARTESIAN_POINT('',(110.,0.,4.5));
#1467 = VECTOR('',#1468,1.);
#1468 = DIRECTION('',(0.,1.,0.));
#1469 = PCURVE('',#278,#1470);
#1470 = DEFINITIONAL_REPRESENTATION('',(#1471),#1475);
#1471 = LINE('',#1472,#1473);
#1472 = CARTESIAN_POINT('',(105.5,0.));
#1473 = VECTOR('',#1474,1.);
#1474 = DIRECTION('',(0.,1.));
#1475 = ( GEOMETRIC_REPRESENTATION_CONTEXT(2) 
PARAMETRIC_REPRESENTATION_CONTEXT() REPRESENTATION_CONTEXT('2D SPACE',''
  ) );
#1476 = PCURVE('',#445,#1477);
#1477 = DEFINITIONAL_REPRESENTATION('',(#1478),#1482);
#1478 = LINE('',#1479,#1480);
#1479 = CARTESIAN_POINT('',(1.570796326795,0.));
#1480 = VECTOR('',#1481,1.);
#1481 = DIRECTION('',(0.,1.));
#1482 = ( GEOMETRIC_REPRESENTATION_CONTEXT(2) 
PARAMETRIC_REPRESENTATION_CONTEXT() REPRESENTATION_CONTEXT('2D SPACE',''
  ) );
#1483 = ADVANCED_FACE('',(#1484),#445,.T.);
#1484 = FACE_BOUND('',#1485,.T.);
#1485 = EDGE_LOOP('',(#1486,#1487,#1488,#1489));
#1486 = ORIENTED_EDGE('',*,*,#430,.T.);
#1487 = ORIENTED_EDGE('',*,*,#1463,.T.);
#1488 = ORIENTED_EDGE('',*,*,#1319,.F.);
#1489 = ORIENTED_EDGE('',*,*,#1490,.F.);
#1490 = EDGE_CURVE('',#403,#1297,#1491,.T.);
#1491 = SURFACE_CURVE('',#1492,(#1496,#1503),.PCURVE_S1.);
#1492 = LINE('',#1493,#1494);
#1493 = CARTESIAN_POINT('',(115.5,0.,10.));
#1494 = VECTOR('',#1495,1.);
#1495 = DIRECTION('',(0.,1.,0.));
#1496 = PCURVE('',#445,#1497);
#1497 = DEFINITIONAL_REPRESENTATION('',(#1498),#1502);
#1498 = LINE('',#1499,#1500);
#1499 = CARTESIAN_POINT('',(0.,0.));
#1500 = VECTOR('',#1501,1.);
#1501 = DIRECTION('',(0.,1.));
#1502 = ( GEOMETRIC_REPRESENTATION_CONTEXT(2) 
PARAMETRIC_REPRESENTATION_CONTEXT() REPRESENTATION_CONTEXT('2D SPACE',''
  ) );
#1503 = PCURVE('',#418,#1504);
#1504 = DEFINITIONAL_REPRESENTATION('',(#1505),#1509);
#1505 = LINE('',#1506,#1507);
#1506 = CARTESIAN_POINT('',(5.5,0.));
#1507 = VECTOR('',#1508,1.);
#1508 = DIRECTION('',(0.,-1.));
#1509 = ( GEOMETRIC_REPRESENTATION_CONTEXT(2) 
PARAMETRIC_REPRESENTATION_CONTEXT() REPRESENTATION_CONTEXT('2D SPACE',''
  ) );
#1510 = ADVANCED_FACE('',(#1511),#418,.T.);
#1511 = FACE_BOUND('',#1512,.T.);
#1512 = EDGE_LOOP('',(#1513,#1514,#1515,#1516));
#1513 = ORIENTED_EDGE('',*,*,#402,.F.);
#1514 = ORIENTED_EDGE('',*,*,#1490,.T.);
#1515 = ORIENTED_EDGE('',*,*,#1296,.T.);
#1516 = ORIENTED_EDGE('',*,*,#1517,.F.);
#1517 = EDGE_CURVE('',#370,#1269,#1518,.T.);
#1518 = SURFACE_CURVE('',#1519,(#1523,#1530),.PCURVE_S1.);
#1519 = LINE('',#1520,#1521);
#1520 = CARTESIAN_POINT('',(115.5,0.,130.));
#1521 = VECTOR('',#1522,1.);
#1522 = DIRECTION('',(0.,1.,0.));
#1523 = PCURVE('',#418,#1524);
#1524 = DEFINITIONAL_REPRESENTATION('',(#1525),#1529);
#1525 = LINE('',#1526,#1527);
#1526 = CARTESIAN_POINT('',(125.5,0.));
#1527 = VECTOR('',#1528,1.);
#1528 = DIRECTION('',(0.,-1.));
#1529 = ( GEOMETRIC_REPRESENTATION_CONTEXT(2) 
PARAMETRIC_REPRESENTATION_CONTEXT() REPRESENTATION_CONTEXT('2D SPACE',''
  ) );
#1530 = PCURVE('',#390,#1531);
#1531 = DEFINITIONAL_REPRESENTATION('',(#1532),#1536);
#1532 = LINE('',#1533,#1534);
#1533 = CARTESIAN_POINT('',(-0.,0.));
#1534 = VECTOR('',#1535,1.);
#1535 = DIRECTION('',(-0.,1.));
#1536 = ( GEOMETRIC_REPRESENTATION_CONTEXT(2) 
PARAMETRIC_REPRESENTATION_CONTEXT() REPRESENTATION_CONTEXT('2D SPACE',''
  ) );
#1537 = ADVANCED_FACE('',(#1538),#390,.T.);
#1538 = FACE_BOUND('',#1539,.F.);
#1539 = EDGE_LOOP('',(#1540,#1541,#1562,#1563));
#1540 = ORIENTED_EDGE('',*,*,#369,.T.);
#1541 = ORIENTED_EDGE('',*,*,#1542,.T.);
#1542 = EDGE_CURVE('',#342,#1246,#1543,.T.);
#1543 = SURFACE_CURVE('',#1544,(#1548,#1555),.PCURVE_S1.);
#1544 = LINE('',#1545,#1546);
#1545 = CARTESIAN_POINT('',(110.,0.,135.5));
#1546 = VECTOR('',#1547,1.);
#1547 = DIRECTION('',(0.,1.,0.));
#1548 = PCURVE('',#390,#1549);
#1549 = DEFINITIONAL_REPRESENTATION('',(#1550),#1554);
#1550 = LINE('',#1551,#1552);
#1551 = CARTESIAN_POINT('',(-1.570796326795,0.));
#1552 = VECTOR('',#1553,1.);
#1553 = DIRECTION('',(-0.,1.));
#1554 = ( GEOMETRIC_REPRESENTATION_CONTEXT(2) 
PARAMETRIC_REPRESENTATION_CONTEXT() REPRESENTATION_CONTEXT('2D SPACE',''
  ) );
#1555 = PCURVE('',#357,#1556);
#1556 = DEFINITIONAL_REPRESENTATION('',(#1557),#1561);
#1557 = LINE('',#1558,#1559);
#1558 = CARTESIAN_POINT('',(105.5,0.));
#1559 = VECTOR('',#1560,1.);
#1560 = DIRECTION('',(0.,1.));
#1561 = ( GEOMETRIC_REPRESENTATION_CONTEXT(2) 
PARAMETRIC_REPRESENTATION_CONTEXT() REPRESENTATION_CONTEXT('2D SPACE',''
  ) );
#1562 = ORIENTED_EDGE('',*,*,#1268,.F.);
#1563 = ORIENTED_EDGE('',*,*,#1517,.F.);
#1564 = ADVANCED_FACE('',(#1565),#357,.T.);
#1565 = FACE_BOUND('',#1566,.T.);
#1566 = EDGE_LOOP('',(#1567,#1568,#1569,#1570));
#1567 = ORIENTED_EDGE('',*,*,#1245,.F.);
#1568 = ORIENTED_EDGE('',*,*,#684,.F.);
#1569 = ORIENTED_EDGE('',*,*,#341,.T.);
#1570 = ORIENTED_EDGE('',*,*,#1542,.T.);
#1571 = ADVANCED_FACE('',(#1572),#478,.F.);
#1572 = FACE_BOUND('',#1573,.F.);
#1573 = EDGE_LOOP('',(#1574,#1595,#1596,#1619,#1648,#1669,#1670,#1689));
#1574 = ORIENTED_EDGE('',*,*,#1575,.F.);
#1575 = EDGE_CURVE('',#460,#1078,#1576,.T.);
#1576 = SURFACE_CURVE('',#1577,(#1581,#1588),.PCURVE_S1.);
#1577 = LINE('',#1578,#1579);
#1578 = CARTESIAN_POINT('',(4.8,-1.,130.));
#1579 = VECTOR('',#1580,1.);
#1580 = DIRECTION('',(0.,1.,0.));
#1581 = PCURVE('',#478,#1582);
#1582 = DEFINITIONAL_REPRESENTATION('',(#1583),#1587);
#1583 = LINE('',#1584,#1585);
#1584 = CARTESIAN_POINT('',(0.,0.));
#1585 = VECTOR('',#1586,1.);
#1586 = DIRECTION('',(0.,1.));
#1587 = ( GEOMETRIC_REPRESENTATION_CONTEXT(2) 
PARAMETRIC_REPRESENTATION_CONTEXT() REPRESENTATION_CONTEXT('2D SPACE',''
  ) );
#1588 = PCURVE('',#505,#1589);
#1589 = DEFINITIONAL_REPRESENTATION('',(#1590),#1594);
#1590 = LINE('',#1591,#1592);
#1591 = CARTESIAN_POINT('',(125.2,0.));
#1592 = VECTOR('',#1593,1.);
#1593 = DIRECTION('',(0.,-1.));
#1594 = ( GEOMETRIC_REPRESENTATION_CONTEXT(2) 
PARAMETRIC_REPRESENTATION_CONTEXT() REPRESENTATION_CONTEXT('2D SPACE',''
  ) );
#1595 = ORIENTED_EDGE('',*,*,#459,.T.);
#1596 = ORIENTED_EDGE('',*,*,#1597,.T.);
#1597 = EDGE_CURVE('',#462,#1598,#1600,.T.);
#1598 = VERTEX_POINT('',#1599);
#1599 = CARTESIAN_POINT('',(10.,109.7,135.2));
#1600 = SURFACE_CURVE('',#1601,(#1605,#1612),.PCURVE_S1.);
#1601 = LINE('',#1602,#1603);
#1602 = CARTESIAN_POINT('',(10.,-1.,135.2));
#1603 = VECTOR('',#1604,1.);
#1604 = DIRECTION('',(0.,1.,0.));
#1605 = PCURVE('',#478,#1606);
#1606 = DEFINITIONAL_REPRESENTATION('',(#1607),#1611);
#1607 = LINE('',#1608,#1609);
#1608 = CARTESIAN_POINT('',(1.570796326795,0.));
#1609 = VECTOR('',#1610,1.);
#1610 = DIRECTION('',(0.,1.));
#1611 = ( GEOMETRIC_REPRESENTATION_CONTEXT(2) 
PARAMETRIC_REPRESENTATION_CONTEXT() REPRESENTATION_CONTEXT('2D SPACE',''
  ) );
#1612 = PCURVE('',#668,#1613);
#1613 = DEFINITIONAL_REPRESENTATION('',(#1614),#1618);
#1614 = LINE('',#1615,#1616);
#1615 = CARTESIAN_POINT('',(5.2,0.));
#1616 = VECTOR('',#1617,1.);
#1617 = DIRECTION('',(0.,1.));
#1618 = ( GEOMETRIC_REPRESENTATION_CONTEXT(2) 
PARAMETRIC_REPRESENTATION_CONTEXT() REPRESENTATION_CONTEXT('2D SPACE',''
  ) );
#1619 = ORIENTED_EDGE('',*,*,#1620,.F.);
#1620 = EDGE_CURVE('',#1621,#1598,#1623,.T.);
#1621 = VERTEX_POINT('',#1622);
#1622 = CARTESIAN_POINT('',(4.8,109.7,130.));
#1623 = SURFACE_CURVE('',#1624,(#1629,#1636),.PCURVE_S1.);
#1624 = CIRCLE('',#1625,5.2);
#1625 = AXIS2_PLACEMENT_3D('',#1626,#1627,#1628);
#1626 = CARTESIAN_POINT('',(10.,109.7,130.));
#1627 = DIRECTION('',(0.,1.,0.));
#1628 = DIRECTION('',(0.,-0.,1.));
#1629 = PCURVE('',#478,#1630);
#1630 = DEFINITIONAL_REPRESENTATION('',(#1631),#1635);
#1631 = LINE('',#1632,#1633);
#1632 = CARTESIAN_POINT('',(-4.712388980385,110.7));
#1633 = VECTOR('',#1634,1.);
#1634 = DIRECTION('',(1.,0.));
#1635 = ( GEOMETRIC_REPRESENTATION_CONTEXT(2) 
PARAMETRIC_REPRESENTATION_CONTEXT() REPRESENTATION_CONTEXT('2D SPACE',''
  ) );
#1636 = PCURVE('',#1637,#1642);
#1637 = PLANE('',#1638);
#1638 = AXIS2_PLACEMENT_3D('',#1639,#1640,#1641);
#1639 = CARTESIAN_POINT('',(4.8,109.7,4.8));
#1640 = DIRECTION('',(0.,1.,0.));
#1641 = DIRECTION('',(0.,0.,1.));
#1642 = DEFINITIONAL_REPRESENTATION('',(#1643),#1647);
#1643 = CIRCLE('',#1644,5.2);
#1644 = AXIS2_PLACEMENT_2D('',#1645,#1646);
#1645 = CARTESIAN_POINT('',(125.2,5.2));
#1646 = DIRECTION('',(1.,0.));
#1647 = ( GEOMETRIC_REPRESENTATION_CONTEXT(2) 
PARAMETRIC_REPRESENTATION_CONTEXT() REPRESENTATION_CONTEXT('2D SPACE',''
  ) );
#1648 = ORIENTED_EDGE('',*,*,#1649,.F.);
#1649 = EDGE_CURVE('',#938,#1621,#1650,.T.);
#1650 = SURFACE_CURVE('',#1651,(#1655,#1662),.PCURVE_S1.);
#1651 = LINE('',#1652,#1653);
#1652 = CARTESIAN_POINT('',(4.8,-1.,130.));
#1653 = VECTOR('',#1654,1.);
#1654 = DIRECTION('',(0.,1.,0.));
#1655 = PCURVE('',#478,#1656);
#1656 = DEFINITIONAL_REPRESENTATION('',(#1657),#1661);
#1657 = LINE('',#1658,#1659);
#1658 = CARTESIAN_POINT('',(0.,0.));
#1659 = VECTOR('',#1660,1.);
#1660 = DIRECTION('',(0.,1.));
#1661 = ( GEOMETRIC_REPRESENTATION_CONTEXT(2) 
PARAMETRIC_REPRESENTATION_CONTEXT() REPRESENTATION_CONTEXT('2D SPACE',''
  ) );
#1662 = PCURVE('',#505,#1663);
#1663 = DEFINITIONAL_REPRESENTATION('',(#1664),#1668);
#1664 = LINE('',#1665,#1666);
#1665 = CARTESIAN_POINT('',(125.2,0.));
#1666 = VECTOR('',#1667,1.);
#1667 = DIRECTION('',(0.,-1.));
#1668 = ( GEOMETRIC_REPRESENTATION_CONTEXT(2) 
PARAMETRIC_REPRESENTATION_CONTEXT() REPRESENTATION_CONTEXT('2D SPACE',''
  ) );
#1669 = ORIENTED_EDGE('',*,*,#965,.T.);
#1670 = ORIENTED_EDGE('',*,*,#1671,.F.);
#1671 = EDGE_CURVE('',#1049,#966,#1672,.T.);
#1672 = SURFACE_CURVE('',#1673,(#1677,#1683),.PCURVE_S1.);
#1673 = LINE('',#1674,#1675);
#1674 = CARTESIAN_POINT('',(7.,-1.,134.24735211631));
#1675 = VECTOR('',#1676,1.);
#1676 = DIRECTION('',(0.,1.,0.));
#1677 = PCURVE('',#478,#1678);
#1678 = DEFINITIONAL_REPRESENTATION('',(#1679),#1682);
#1679 = B_SPLINE_CURVE_WITH_KNOTS('',1,(#1680,#1681),.UNSPECIFIED.,.F.,
  .F.,(2,2),(82.6,99.4),.PIECEWISE_BEZIER_KNOTS.);
#1680 = CARTESIAN_POINT('',(0.95583972294,82.6));
#1681 = CARTESIAN_POINT('',(0.95583972294,99.4));
#1682 = ( GEOMETRIC_REPRESENTATION_CONTEXT(2) 
PARAMETRIC_REPRESENTATION_CONTEXT() REPRESENTATION_CONTEXT('2D SPACE',''
  ) );
#1683 = PCURVE('',#1065,#1684);
#1684 = DEFINITIONAL_REPRESENTATION('',(#1685),#1688);
#1685 = B_SPLINE_CURVE_WITH_KNOTS('',1,(#1686,#1687),.UNSPECIFIED.,.F.,
  .F.,(2,2),(82.6,99.4),.PIECEWISE_BEZIER_KNOTS.);
#1686 = CARTESIAN_POINT('',(6.747352116319,8.4));
#1687 = CARTESIAN_POINT('',(6.747352116319,-8.4));
#1688 = ( GEOMETRIC_REPRESENTATION_CONTEXT(2) 
PARAMETRIC_REPRESENTATION_CONTEXT() REPRESENTATION_CONTEXT('2D SPACE',''
  ) );
#1689 = ORIENTED_EDGE('',*,*,#1077,.T.);
#1690 = ADVANCED_FACE('',(#1691),#668,.F.);
#1691 = FACE_BOUND('',#1692,.F.);
#1692 = EDGE_LOOP('',(#1693,#1716,#1717,#1718));
#1693 = ORIENTED_EDGE('',*,*,#1694,.F.);
#1694 = EDGE_CURVE('',#1598,#1695,#1697,.T.);
#1695 = VERTEX_POINT('',#1696);
#1696 = CARTESIAN_POINT('',(110.,109.7,135.2));
#1697 = SURFACE_CURVE('',#1698,(#1702,#1709),.PCURVE_S1.);
#1698 = LINE('',#1699,#1700);
#1699 = CARTESIAN_POINT('',(4.8,109.7,135.2));
#1700 = VECTOR('',#1701,1.);
#1701 = DIRECTION('',(1.,0.,0.));
#1702 = PCURVE('',#668,#1703);
#1703 = DEFINITIONAL_REPRESENTATION('',(#1704),#1708);
#1704 = LINE('',#1705,#1706);
#1705 = CARTESIAN_POINT('',(0.,110.7));
#1706 = VECTOR('',#1707,1.);
#1707 = DIRECTION('',(1.,0.));
#1708 = ( GEOMETRIC_REPRESENTATION_CONTEXT(2) 
PARAMETRIC_REPRESENTATION_CONTEXT() REPRESENTATION_CONTEXT('2D SPACE',''
  ) );
#1709 = PCURVE('',#1637,#1710);
#1710 = DEFINITIONAL_REPRESENTATION('',(#1711),#1715);
#1711 = LINE('',#1712,#1713);
#1712 = CARTESIAN_POINT('',(130.4,0.));
#1713 = VECTOR('',#1714,1.);
#1714 = DIRECTION('',(0.,1.));
#1715 = ( GEOMETRIC_REPRESENTATION_CONTEXT(2) 
PARAMETRIC_REPRESENTATION_CONTEXT() REPRESENTATION_CONTEXT('2D SPACE',''
  ) );
#1716 = ORIENTED_EDGE('',*,*,#1597,.F.);
#1717 = ORIENTED_EDGE('',*,*,#655,.T.);
#1718 = ORIENTED_EDGE('',*,*,#1719,.T.);
#1719 = EDGE_CURVE('',#627,#1695,#1720,.T.);
#1720 = SURFACE_CURVE('',#1721,(#1725,#1732),.PCURVE_S1.);
#1721 = LINE('',#1722,#1723);
#1722 = CARTESIAN_POINT('',(110.,-1.,135.2));
#1723 = VECTOR('',#1724,1.);
#1724 = DIRECTION('',(0.,1.,0.));
#1725 = PCURVE('',#668,#1726);
#1726 = DEFINITIONAL_REPRESENTATION('',(#1727),#1731);
#1727 = LINE('',#1728,#1729);
#1728 = CARTESIAN_POINT('',(105.2,0.));
#1729 = VECTOR('',#1730,1.);
#1730 = DIRECTION('',(0.,1.));
#1731 = ( GEOMETRIC_REPRESENTATION_CONTEXT(2) 
PARAMETRIC_REPRESENTATION_CONTEXT() REPRESENTATION_CONTEXT('2D SPACE',''
  ) );
#1732 = PCURVE('',#643,#1733);
#1733 = DEFINITIONAL_REPRESENTATION('',(#1734),#1738);
#1734 = LINE('',#1735,#1736);
#1735 = CARTESIAN_POINT('',(-1.570796326795,0.));
#1736 = VECTOR('',#1737,1.);
#1737 = DIRECTION('',(-0.,1.));
#1738 = ( GEOMETRIC_REPRESENTATION_CONTEXT(2) 
PARAMETRIC_REPRESENTATION_CONTEXT() REPRESENTATION_CONTEXT('2D SPACE',''
  ) );
#1739 = ADVANCED_FACE('',(#1740),#643,.F.);
#1740 = FACE_BOUND('',#1741,.T.);
#1741 = EDGE_LOOP('',(#1742,#1765,#1766,#1767));
#1742 = ORIENTED_EDGE('',*,*,#1743,.F.);
#1743 = EDGE_CURVE('',#601,#1744,#1746,.T.);
#1744 = VERTEX_POINT('',#1745);
#1745 = CARTESIAN_POINT('',(115.2,109.7,130.));
#1746 = SURFACE_CURVE('',#1747,(#1751,#1758),.PCURVE_S1.);
#1747 = LINE('',#1748,#1749);
#1748 = CARTESIAN_POINT('',(115.2,-1.,130.));
#1749 = VECTOR('',#1750,1.);
#1750 = DIRECTION('',(0.,1.,0.));
#1751 = PCURVE('',#643,#1752);
#1752 = DEFINITIONAL_REPRESENTATION('',(#1753),#1757);
#1753 = LINE('',#1754,#1755);
#1754 = CARTESIAN_POINT('',(-0.,0.));
#1755 = VECTOR('',#1756,1.);
#1756 = DIRECTION('',(-0.,1.));
#1757 = ( GEOMETRIC_REPRESENTATION_CONTEXT(2) 
PARAMETRIC_REPRESENTATION_CONTEXT() REPRESENTATION_CONTEXT('2D SPACE',''
  ) );
#1758 = PCURVE('',#615,#1759);
#1759 = DEFINITIONAL_REPRESENTATION('',(#1760),#1764);
#1760 = LINE('',#1761,#1762);
#1761 = CARTESIAN_POINT('',(125.2,0.));
#1762 = VECTOR('',#1763,1.);
#1763 = DIRECTION('',(0.,-1.));
#1764 = ( GEOMETRIC_REPRESENTATION_CONTEXT(2) 
PARAMETRIC_REPRESENTATION_CONTEXT() REPRESENTATION_CONTEXT('2D SPACE',''
  ) );
#1765 = ORIENTED_EDGE('',*,*,#626,.F.);
#1766 = ORIENTED_EDGE('',*,*,#1719,.T.);
#1767 = ORIENTED_EDGE('',*,*,#1768,.F.);
#1768 = EDGE_CURVE('',#1744,#1695,#1769,.T.);
#1769 = SURFACE_CURVE('',#1770,(#1775,#1782),.PCURVE_S1.);
#1770 = CIRCLE('',#1771,5.2);
#1771 = AXIS2_PLACEMENT_3D('',#1772,#1773,#1774);
#1772 = CARTESIAN_POINT('',(110.,109.7,130.));
#1773 = DIRECTION('',(-0.,-1.,0.));
#1774 = DIRECTION('',(0.,-0.,1.));
#1775 = PCURVE('',#643,#1776);
#1776 = DEFINITIONAL_REPRESENTATION('',(#1777),#1781);
#1777 = LINE('',#1778,#1779);
#1778 = CARTESIAN_POINT('',(4.712388980385,110.7));
#1779 = VECTOR('',#1780,1.);
#1780 = DIRECTION('',(-1.,0.));
#1781 = ( GEOMETRIC_REPRESENTATION_CONTEXT(2) 
PARAMETRIC_REPRESENTATION_CONTEXT() REPRESENTATION_CONTEXT('2D SPACE',''
  ) );
#1782 = PCURVE('',#1637,#1783);
#1783 = DEFINITIONAL_REPRESENTATION('',(#1784),#1792);
#1784 = ( BOUNDED_CURVE() B_SPLINE_CURVE(2,(#1785,#1786,#1787,#1788,
#1789,#1790,#1791),.UNSPECIFIED.,.T.,.F.) B_SPLINE_CURVE_WITH_KNOTS((1,2
    ,2,2,2,1),(-2.094395102393,0.,2.094395102393,4.188790204786,
6.28318530718,8.377580409573),.UNSPECIFIED.) CURVE() 
GEOMETRIC_REPRESENTATION_ITEM() RATIONAL_B_SPLINE_CURVE((1.,0.5,1.,0.5,
1.,0.5,1.)) REPRESENTATION_ITEM('') );
#1785 = CARTESIAN_POINT('',(130.4,105.2));
#1786 = CARTESIAN_POINT('',(130.4,96.193335800642));
#1787 = CARTESIAN_POINT('',(122.6,100.69666790032));
#1788 = CARTESIAN_POINT('',(114.8,105.2));
#1789 = CARTESIAN_POINT('',(122.6,109.70333209967));
#1790 = CARTESIAN_POINT('',(130.4,114.20666419935));
#1791 = CARTESIAN_POINT('',(130.4,105.2));
#1792 = ( GEOMETRIC_REPRESENTATION_CONTEXT(2) 
PARAMETRIC_REPRESENTATION_CONTEXT() REPRESENTATION_CONTEXT('2D SPACE',''
  ) );
#1793 = ADVANCED_FACE('',(#1794),#615,.F.);
#1794 = FACE_BOUND('',#1795,.F.);
#1795 = EDGE_LOOP('',(#1796,#1797,#1820,#1841));
#1796 = ORIENTED_EDGE('',*,*,#600,.T.);
#1797 = ORIENTED_EDGE('',*,*,#1798,.T.);
#1798 = EDGE_CURVE('',#572,#1799,#1801,.T.);
#1799 = VERTEX_POINT('',#1800);
#1800 = CARTESIAN_POINT('',(115.2,109.7,10.));
#1801 = SURFACE_CURVE('',#1802,(#1806,#1813),.PCURVE_S1.);
#1802 = LINE('',#1803,#1804);
#1803 = CARTESIAN_POINT('',(115.2,-1.,10.));
#1804 = VECTOR('',#1805,1.);
#1805 = DIRECTION('',(0.,1.,0.));
#1806 = PCURVE('',#615,#1807);
#1807 = DEFINITIONAL_REPRESENTATION('',(#1808),#1812);
#1808 = LINE('',#1809,#1810);
#1809 = CARTESIAN_POINT('',(5.2,0.));
#1810 = VECTOR('',#1811,1.);
#1811 = DIRECTION('',(0.,-1.));
#1812 = ( GEOMETRIC_REPRESENTATION_CONTEXT(2) 
PARAMETRIC_REPRESENTATION_CONTEXT() REPRESENTATION_CONTEXT('2D SPACE',''
  ) );
#1813 = PCURVE('',#588,#1814);
#1814 = DEFINITIONAL_REPRESENTATION('',(#1815),#1819);
#1815 = LINE('',#1816,#1817);
#1816 = CARTESIAN_POINT('',(0.,0.));
#1817 = VECTOR('',#1818,1.);
#1818 = DIRECTION('',(0.,1.));
#1819 = ( GEOMETRIC_REPRESENTATION_CONTEXT(2) 
PARAMETRIC_REPRESENTATION_CONTEXT() REPRESENTATION_CONTEXT('2D SPACE',''
  ) );
#1820 = ORIENTED_EDGE('',*,*,#1821,.T.);
#1821 = EDGE_CURVE('',#1799,#1744,#1822,.T.);
#1822 = SURFACE_CURVE('',#1823,(#1827,#1834),.PCURVE_S1.);
#1823 = LINE('',#1824,#1825);
#1824 = CARTESIAN_POINT('',(115.2,109.7,4.8));
#1825 = VECTOR('',#1826,1.);
#1826 = DIRECTION('',(0.,0.,1.));
#1827 = PCURVE('',#615,#1828);
#1828 = DEFINITIONAL_REPRESENTATION('',(#1829),#1833);
#1829 = LINE('',#1830,#1831);
#1830 = CARTESIAN_POINT('',(0.,-110.7));
#1831 = VECTOR('',#1832,1.);
#1832 = DIRECTION('',(1.,0.));
#1833 = ( GEOMETRIC_REPRESENTATION_CONTEXT(2) 
PARAMETRIC_REPRESENTATION_CONTEXT() REPRESENTATION_CONTEXT('2D SPACE',''
  ) );
#1834 = PCURVE('',#1637,#1835);
#1835 = DEFINITIONAL_REPRESENTATION('',(#1836),#1840);
#1836 = LINE('',#1837,#1838);
#1837 = CARTESIAN_POINT('',(0.,110.4));
#1838 = VECTOR('',#1839,1.);
#1839 = DIRECTION('',(1.,0.));
#1840 = ( GEOMETRIC_REPRESENTATION_CONTEXT(2) 
PARAMETRIC_REPRESENTATION_CONTEXT() REPRESENTATION_CONTEXT('2D SPACE',''
  ) );
#1841 = ORIENTED_EDGE('',*,*,#1743,.F.);
#1842 = ADVANCED_FACE('',(#1843),#588,.F.);
#1843 = FACE_BOUND('',#1844,.F.);
#1844 = EDGE_LOOP('',(#1845,#1846,#1847,#1870));
#1845 = ORIENTED_EDGE('',*,*,#1798,.F.);
#1846 = ORIENTED_EDGE('',*,*,#571,.T.);
#1847 = ORIENTED_EDGE('',*,*,#1848,.T.);
#1848 = EDGE_CURVE('',#546,#1849,#1851,.T.);
#1849 = VERTEX_POINT('',#1850);
#1850 = CARTESIAN_POINT('',(110.,109.7,4.8));
#1851 = SURFACE_CURVE('',#1852,(#1856,#1863),.PCURVE_S1.);
#1852 = LINE('',#1853,#1854);
#1853 = CARTESIAN_POINT('',(110.,-1.,4.8));
#1854 = VECTOR('',#1855,1.);
#1855 = DIRECTION('',(0.,1.,0.));
#1856 = PCURVE('',#588,#1857);
#1857 = DEFINITIONAL_REPRESENTATION('',(#1858),#1862);
#1858 = LINE('',#1859,#1860);
#1859 = CARTESIAN_POINT('',(1.570796326795,0.));
#1860 = VECTOR('',#1861,1.);
#1861 = DIRECTION('',(0.,1.));
#1862 = ( GEOMETRIC_REPRESENTATION_CONTEXT(2) 
PARAMETRIC_REPRESENTATION_CONTEXT() REPRESENTATION_CONTEXT('2D SPACE',''
  ) );
#1863 = PCURVE('',#560,#1864);
#1864 = DEFINITIONAL_REPRESENTATION('',(#1865),#1869);
#1865 = LINE('',#1866,#1867);
#1866 = CARTESIAN_POINT('',(105.2,0.));
#1867 = VECTOR('',#1868,1.);
#1868 = DIRECTION('',(0.,1.));
#1869 = ( GEOMETRIC_REPRESENTATION_CONTEXT(2) 
PARAMETRIC_REPRESENTATION_CONTEXT() REPRESENTATION_CONTEXT('2D SPACE',''
  ) );
#1870 = ORIENTED_EDGE('',*,*,#1871,.F.);
#1871 = EDGE_CURVE('',#1799,#1849,#1872,.T.);
#1872 = SURFACE_CURVE('',#1873,(#1878,#1885),.PCURVE_S1.);
#1873 = CIRCLE('',#1874,5.2);
#1874 = AXIS2_PLACEMENT_3D('',#1875,#1876,#1877);
#1875 = CARTESIAN_POINT('',(110.,109.7,10.));
#1876 = DIRECTION('',(0.,1.,0.));
#1877 = DIRECTION('',(0.,-0.,1.));
#1878 = PCURVE('',#588,#1879);
#1879 = DEFINITIONAL_REPRESENTATION('',(#1880),#1884);
#1880 = LINE('',#1881,#1882);
#1881 = CARTESIAN_POINT('',(-1.570796326795,110.7));
#1882 = VECTOR('',#1883,1.);
#1883 = DIRECTION('',(1.,0.));
#1884 = ( GEOMETRIC_REPRESENTATION_CONTEXT(2) 
PARAMETRIC_REPRESENTATION_CONTEXT() REPRESENTATION_CONTEXT('2D SPACE',''
  ) );
#1885 = PCURVE('',#1637,#1886);
#1886 = DEFINITIONAL_REPRESENTATION('',(#1887),#1891);
#1887 = CIRCLE('',#1888,5.2);
#1888 = AXIS2_PLACEMENT_2D('',#1889,#1890);
#1889 = CARTESIAN_POINT('',(5.2,105.2));
#1890 = DIRECTION('',(1.,0.));
#1891 = ( GEOMETRIC_REPRESENTATION_CONTEXT(2) 
PARAMETRIC_REPRESENTATION_CONTEXT() REPRESENTATION_CONTEXT('2D SPACE',''
  ) );
#1892 = ADVANCED_FACE('',(#1893),#560,.T.);
#1893 = FACE_BOUND('',#1894,.T.);
#1894 = EDGE_LOOP('',(#1895,#1918,#1939,#1940));
#1895 = ORIENTED_EDGE('',*,*,#1896,.F.);
#1896 = EDGE_CURVE('',#1897,#1849,#1899,.T.);
#1897 = VERTEX_POINT('',#1898);
#1898 = CARTESIAN_POINT('',(10.,109.7,4.8));
#1899 = SURFACE_CURVE('',#1900,(#1904,#1911),.PCURVE_S1.);
#1900 = LINE('',#1901,#1902);
#1901 = CARTESIAN_POINT('',(4.8,109.7,4.8));
#1902 = VECTOR('',#1903,1.);
#1903 = DIRECTION('',(1.,0.,0.));
#1904 = PCURVE('',#560,#1905);
#1905 = DEFINITIONAL_REPRESENTATION('',(#1906),#1910);
#1906 = LINE('',#1907,#1908);
#1907 = CARTESIAN_POINT('',(0.,110.7));
#1908 = VECTOR('',#1909,1.);
#1909 = DIRECTION('',(1.,0.));
#1910 = ( GEOMETRIC_REPRESENTATION_CONTEXT(2) 
PARAMETRIC_REPRESENTATION_CONTEXT() REPRESENTATION_CONTEXT('2D SPACE',''
  ) );
#1911 = PCURVE('',#1637,#1912);
#1912 = DEFINITIONAL_REPRESENTATION('',(#1913),#1917);
#1913 = LINE('',#1914,#1915);
#1914 = CARTESIAN_POINT('',(0.,0.));
#1915 = VECTOR('',#1916,1.);
#1916 = DIRECTION('',(0.,1.));
#1917 = ( GEOMETRIC_REPRESENTATION_CONTEXT(2) 
PARAMETRIC_REPRESENTATION_CONTEXT() REPRESENTATION_CONTEXT('2D SPACE',''
  ) );
#1918 = ORIENTED_EDGE('',*,*,#1919,.F.);
#1919 = EDGE_CURVE('',#517,#1897,#1920,.T.);
#1920 = SURFACE_CURVE('',#1921,(#1925,#1932),.PCURVE_S1.);
#1921 = LINE('',#1922,#1923);
#1922 = CARTESIAN_POINT('',(10.,-1.,4.8));
#1923 = VECTOR('',#1924,1.);
#1924 = DIRECTION('',(0.,1.,0.));
#1925 = PCURVE('',#560,#1926);
#1926 = DEFINITIONAL_REPRESENTATION('',(#1927),#1931);
#1927 = LINE('',#1928,#1929);
#1928 = CARTESIAN_POINT('',(5.2,0.));
#1929 = VECTOR('',#1930,1.);
#1930 = DIRECTION('',(0.,1.));
#1931 = ( GEOMETRIC_REPRESENTATION_CONTEXT(2) 
PARAMETRIC_REPRESENTATION_CONTEXT() REPRESENTATION_CONTEXT('2D SPACE',''
  ) );
#1932 = PCURVE('',#533,#1933);
#1933 = DEFINITIONAL_REPRESENTATION('',(#1934),#1938);
#1934 = LINE('',#1935,#1936);
#1935 = CARTESIAN_POINT('',(-1.570796326795,0.));
#1936 = VECTOR('',#1937,1.);
#1937 = DIRECTION('',(-0.,1.));
#1938 = ( GEOMETRIC_REPRESENTATION_CONTEXT(2) 
PARAMETRIC_REPRESENTATION_CONTEXT() REPRESENTATION_CONTEXT('2D SPACE',''
  ) );
#1939 = ORIENTED_EDGE('',*,*,#545,.T.);
#1940 = ORIENTED_EDGE('',*,*,#1848,.T.);
#1941 = ADVANCED_FACE('',(#1942),#533,.F.);
#1942 = FACE_BOUND('',#1943,.T.);
#1943 = EDGE_LOOP('',(#1944,#1967,#1968,#1969));
#1944 = ORIENTED_EDGE('',*,*,#1945,.F.);
#1945 = EDGE_CURVE('',#491,#1946,#1948,.T.);
#1946 = VERTEX_POINT('',#1947);
#1947 = CARTESIAN_POINT('',(4.8,109.7,10.));
#1948 = SURFACE_CURVE('',#1949,(#1953,#1960),.PCURVE_S1.);
#1949 = LINE('',#1950,#1951);
#1950 = CARTESIAN_POINT('',(4.8,-1.,10.));
#1951 = VECTOR('',#1952,1.);
#1952 = DIRECTION('',(0.,1.,0.));
#1953 = PCURVE('',#533,#1954);
#1954 = DEFINITIONAL_REPRESENTATION('',(#1955),#1959);
#1955 = LINE('',#1956,#1957);
#1956 = CARTESIAN_POINT('',(-0.,0.));
#1957 = VECTOR('',#1958,1.);
#1958 = DIRECTION('',(-0.,1.));
#1959 = ( GEOMETRIC_REPRESENTATION_CONTEXT(2) 
PARAMETRIC_REPRESENTATION_CONTEXT() REPRESENTATION_CONTEXT('2D SPACE',''
  ) );
#1960 = PCURVE('',#505,#1961);
#1961 = DEFINITIONAL_REPRESENTATION('',(#1962),#1966);
#1962 = LINE('',#1963,#1964);
#1963 = CARTESIAN_POINT('',(5.2,0.));
#1964 = VECTOR('',#1965,1.);
#1965 = DIRECTION('',(0.,-1.));
#1966 = ( GEOMETRIC_REPRESENTATION_CONTEXT(2) 
PARAMETRIC_REPRESENTATION_CONTEXT() REPRESENTATION_CONTEXT('2D SPACE',''
  ) );
#1967 = ORIENTED_EDGE('',*,*,#516,.F.);
#1968 = ORIENTED_EDGE('',*,*,#1919,.T.);
#1969 = ORIENTED_EDGE('',*,*,#1970,.F.);
#1970 = EDGE_CURVE('',#1946,#1897,#1971,.T.);
#1971 = SURFACE_CURVE('',#1972,(#1977,#1984),.PCURVE_S1.);
#1972 = CIRCLE('',#1973,5.2);
#1973 = AXIS2_PLACEMENT_3D('',#1974,#1975,#1976);
#1974 = CARTESIAN_POINT('',(10.,109.7,10.));
#1975 = DIRECTION('',(-0.,-1.,0.));
#1976 = DIRECTION('',(0.,-0.,1.));
#1977 = PCURVE('',#533,#1978);
#1978 = DEFINITIONAL_REPRESENTATION('',(#1979),#1983);
#1979 = LINE('',#1980,#1981);
#1980 = CARTESIAN_POINT('',(1.570796326795,110.7));
#1981 = VECTOR('',#1982,1.);
#1982 = DIRECTION('',(-1.,0.));
#1983 = ( GEOMETRIC_REPRESENTATION_CONTEXT(2) 
PARAMETRIC_REPRESENTATION_CONTEXT() REPRESENTATION_CONTEXT('2D SPACE',''
  ) );
#1984 = PCURVE('',#1637,#1985);
#1985 = DEFINITIONAL_REPRESENTATION('',(#1986),#1994);
#1986 = ( BOUNDED_CURVE() B_SPLINE_CURVE(2,(#1987,#1988,#1989,#1990,
#1991,#1992,#1993),.UNSPECIFIED.,.T.,.F.) B_SPLINE_CURVE_WITH_KNOTS((1,2
    ,2,2,2,1),(-2.094395102393,0.,2.094395102393,4.188790204786,
6.28318530718,8.377580409573),.UNSPECIFIED.) CURVE() 
GEOMETRIC_REPRESENTATION_ITEM() RATIONAL_B_SPLINE_CURVE((1.,0.5,1.,0.5,
1.,0.5,1.)) REPRESENTATION_ITEM('') );
#1987 = CARTESIAN_POINT('',(10.4,5.2));
#1988 = CARTESIAN_POINT('',(10.4,-3.806664199358));
#1989 = CARTESIAN_POINT('',(2.6,0.696667900321));
#1990 = CARTESIAN_POINT('',(-5.2,5.2));
#1991 = CARTESIAN_POINT('',(2.6,9.703332099679));
#1992 = CARTESIAN_POINT('',(10.4,14.206664199358));
#1993 = CARTESIAN_POINT('',(10.4,5.2));
#1994 = ( GEOMETRIC_REPRESENTATION_CONTEXT(2) 
PARAMETRIC_REPRESENTATION_CONTEXT() REPRESENTATION_CONTEXT('2D SPACE',''
  ) );
#1995 = ADVANCED_FACE('',(#1996,#2025),#505,.T.);
#1996 = FACE_BOUND('',#1997,.T.);
#1997 = EDGE_LOOP('',(#1998,#1999,#2000,#2001,#2022,#2023,#2024));
#1998 = ORIENTED_EDGE('',*,*,#1575,.F.);
#1999 = ORIENTED_EDGE('',*,*,#490,.T.);
#2000 = ORIENTED_EDGE('',*,*,#1945,.T.);
#2001 = ORIENTED_EDGE('',*,*,#2002,.T.);
#2002 = EDGE_CURVE('',#1946,#1621,#2003,.T.);
#2003 = SURFACE_CURVE('',#2004,(#2008,#2015),.PCURVE_S1.);
#2004 = LINE('',#2005,#2006);
#2005 = CARTESIAN_POINT('',(4.8,109.7,4.8));
#2006 = VECTOR('',#2007,1.);
#2007 = DIRECTION('',(0.,0.,1.));
#2008 = PCURVE('',#505,#2009);
#2009 = DEFINITIONAL_REPRESENTATION('',(#2010),#2014);
#2010 = LINE('',#2011,#2012);
#2011 = CARTESIAN_POINT('',(0.,-110.7));
#2012 = VECTOR('',#2013,1.);
#2013 = DIRECTION('',(1.,0.));
#2014 = ( GEOMETRIC_REPRESENTATION_CONTEXT(2) 
PARAMETRIC_REPRESENTATION_CONTEXT() REPRESENTATION_CONTEXT('2D SPACE',''
  ) );
#2015 = PCURVE('',#1637,#2016);
#2016 = DEFINITIONAL_REPRESENTATION('',(#2017),#2021);
#2017 = LINE('',#2018,#2019);
#2018 = CARTESIAN_POINT('',(0.,0.));
#2019 = VECTOR('',#2020,1.);
#2020 = DIRECTION('',(1.,0.));
#2021 = ( GEOMETRIC_REPRESENTATION_CONTEXT(2) 
PARAMETRIC_REPRESENTATION_CONTEXT() REPRESENTATION_CONTEXT('2D SPACE',''
  ) );
#2022 = ORIENTED_EDGE('',*,*,#1649,.F.);
#2023 = ORIENTED_EDGE('',*,*,#937,.T.);
#2024 = ORIENTED_EDGE('',*,*,#1160,.T.);
#2025 = FACE_BOUND('',#2026,.T.);
#2026 = EDGE_LOOP('',(#2027));
#2027 = ORIENTED_EDGE('',*,*,#1430,.T.);
#2028 = ADVANCED_FACE('',(#2029),#1065,.F.);
#2029 = FACE_BOUND('',#2030,.F.);
#2030 = EDGE_LOOP('',(#2031,#2032));
#2031 = ORIENTED_EDGE('',*,*,#1671,.T.);
#2032 = ORIENTED_EDGE('',*,*,#1048,.T.);
#2033 = ADVANCED_FACE('',(#2034),#1364,.F.);
#2034 = FACE_BOUND('',#2035,.T.);
#2035 = EDGE_LOOP('',(#2036,#2037,#2060,#2082));
#2036 = ORIENTED_EDGE('',*,*,#1343,.F.);
#2037 = ORIENTED_EDGE('',*,*,#2038,.T.);
#2038 = EDGE_CURVE('',#1344,#2039,#2041,.T.);
#2039 = VERTEX_POINT('',#2040);
#2040 = CARTESIAN_POINT('',(67.,109.7,116.));
#2041 = SEAM_CURVE('',#2042,(#2046,#2053),.PCURVE_S1.);
#2042 = LINE('',#2043,#2044);
#2043 = CARTESIAN_POINT('',(67.,110.,116.));
#2044 = VECTOR('',#2045,1.);
#2045 = DIRECTION('',(0.,-1.,0.));
#2046 = PCURVE('',#1364,#2047);
#2047 = DEFINITIONAL_REPRESENTATION('',(#2048),#2052);
#2048 = LINE('',#2049,#2050);
#2049 = CARTESIAN_POINT('',(-6.28318530718,0.));
#2050 = VECTOR('',#2051,1.);
#2051 = DIRECTION('',(-0.,-1.));
#2052 = ( GEOMETRIC_REPRESENTATION_CONTEXT(2) 
PARAMETRIC_REPRESENTATION_CONTEXT() REPRESENTATION_CONTEXT('2D SPACE',''
  ) );
#2053 = PCURVE('',#1364,#2054);
#2054 = DEFINITIONAL_REPRESENTATION('',(#2055),#2059);
#2055 = LINE('',#2056,#2057);
#2056 = CARTESIAN_POINT('',(-0.,0.));
#2057 = VECTOR('',#2058,1.);
#2058 = DIRECTION('',(-0.,-1.));
#2059 = ( GEOMETRIC_REPRESENTATION_CONTEXT(2) 
PARAMETRIC_REPRESENTATION_CONTEXT() REPRESENTATION_CONTEXT('2D SPACE',''
  ) );
#2060 = ORIENTED_EDGE('',*,*,#2061,.F.);
#2061 = EDGE_CURVE('',#2039,#2039,#2062,.T.);
#2062 = SURFACE_CURVE('',#2063,(#2068,#2075),.PCURVE_S1.);
#2063 = CIRCLE('',#2064,7.);
#2064 = AXIS2_PLACEMENT_3D('',#2065,#2066,#2067);
#2065 = CARTESIAN_POINT('',(60.,109.7,116.));
#2066 = DIRECTION('',(-0.,1.,0.));
#2067 = DIRECTION('',(1.,0.,0.));
#2068 = PCURVE('',#1364,#2069);
#2069 = DEFINITIONAL_REPRESENTATION('',(#2070),#2074);
#2070 = LINE('',#2071,#2072);
#2071 = CARTESIAN_POINT('',(-6.28318530718,-0.3));
#2072 = VECTOR('',#2073,1.);
#2073 = DIRECTION('',(1.,-0.));
#2074 = ( GEOMETRIC_REPRESENTATION_CONTEXT(2) 
PARAMETRIC_REPRESENTATION_CONTEXT() REPRESENTATION_CONTEXT('2D SPACE',''
  ) );
#2075 = PCURVE('',#1637,#2076);
#2076 = DEFINITIONAL_REPRESENTATION('',(#2077),#2081);
#2077 = CIRCLE('',#2078,7.);
#2078 = AXIS2_PLACEMENT_2D('',#2079,#2080);
#2079 = CARTESIAN_POINT('',(111.2,55.2));
#2080 = DIRECTION('',(0.,1.));
#2081 = ( GEOMETRIC_REPRESENTATION_CONTEXT(2) 
PARAMETRIC_REPRESENTATION_CONTEXT() REPRESENTATION_CONTEXT('2D SPACE',''
  ) );
#2082 = ORIENTED_EDGE('',*,*,#2038,.F.);
#2083 = ADVANCED_FACE('',(#2084,#2094),#1637,.F.);
#2084 = FACE_BOUND('',#2085,.F.);
#2085 = EDGE_LOOP('',(#2086,#2087,#2088,#2089,#2090,#2091,#2092,#2093));
#2086 = ORIENTED_EDGE('',*,*,#1896,.F.);
#2087 = ORIENTED_EDGE('',*,*,#1970,.F.);
#2088 = ORIENTED_EDGE('',*,*,#2002,.T.);
#2089 = ORIENTED_EDGE('',*,*,#1620,.T.);
#2090 = ORIENTED_EDGE('',*,*,#1694,.T.);
#2091 = ORIENTED_EDGE('',*,*,#1768,.F.);
#2092 = ORIENTED_EDGE('',*,*,#1821,.F.);
#2093 = ORIENTED_EDGE('',*,*,#1871,.T.);
#2094 = FACE_BOUND('',#2095,.F.);
#2095 = EDGE_LOOP('',(#2096));
#2096 = ORIENTED_EDGE('',*,*,#2061,.F.);
#2097 = ( GEOMETRIC_REPRESENTATION_CONTEXT(3) 
GLOBAL_UNCERTAINTY_ASSIGNED_CONTEXT((#2101)) 
GLOBAL_UNIT_ASSIGNED_CONTEXT((#2098,#2099,#2100)) REPRESENTATION_CONTEXT
('Context #1','3D Context with UNIT and UNCERTAINTY') );
#2098 = ( LENGTH_UNIT() NAMED_UNIT(*) SI_UNIT(.MILLI.,.METRE.) );
#2099 = ( NAMED_UNIT(*) PLANE_ANGLE_UNIT() SI_UNIT($,.RADIAN.) );
#2100 = ( NAMED_UNIT(*) SI_UNIT($,.STERADIAN.) SOLID_ANGLE_UNIT() );
#2101 = UNCERTAINTY_MEASURE_WITH_UNIT(LENGTH_MEASURE(1.E-07),#2098,
  'distance_accuracy_value','confusion accuracy');
#2102 = PRODUCT_RELATED_PRODUCT_CATEGORY('part',$,(#7));
ENDSEC;
END-ISO-10303-21;
